id,prediction
n00042159675a843,0.7760238907849829
n00069e82b2770dd,0.3981797497155859
n00137ddc9b66956,0.12329351535836178
n00138b00229ee49,0.4506541524459613
n00142bfb59044bd,0.9234926052332195
n001e17ed3b8a76c,0.574943117178612
n0020fb0a4f7e6e3,0.4445392491467577
n002140ec581a85a,0.962457337883959
n002d85eb7f73d20,0.6851535836177475
n00328a7391c9fac,0.15984072810011377
n00329176613c7fe,0.9114050056882821
n003375b8810e809,0.48492605233219566
n00425138b5ed2fc,0.7801478953356087
n00430b4a549bd50,0.1107792946530148
n0054b54d81294f9,0.8442832764505119
n0059a2984c4e0da,0.35850398179749715
n0060b301a16fd98,0.5381114903299203
n006922c14bf8323,0.556740614334471
n007326aa3373195,0.18102957906712172
n0078ffb7b06e37b,0.8358930602957907
n00790742680ae2a,0.6675199089874858
n0080ee1ad5e7058,0.21715017064846417
n008dca94aac3fdc,0.8138509670079636
n00abda53df7ba68,0.4293230944254835
n00b9063ae929bbf,0.06854379977246872
n00c138bf2d9ff3b,0.3314846416382253
n00c3795ec37843d,0.6757679180887372
n00c3f17943f45cf,0.925056882821388
n00c97a51993ad37,0.512514220705347
n00cdf53403b42cb,0.5027019340159272
n00d73dbb41bd0e2,0.4893344709897611
n00d7c43882fbbf9,0.45264505119453924
n00d9a0ba395ce9e,0.15600113765642776
n00ed6aee1aae0bc,0.41723549488054607
n00f3bf418214ce5,0.3257963594994312
n00fb7f8f7199c97,0.7329351535836177
n010bac81febb2d3,0.930745164960182
n010f890332e7c48,0.1190273037542662
n01112dfa41c6a73,0.7010807736063709
n011e1febbb297a7,0.44525028441410697
n0120884202c3ca2,0.764505119453925
n012d6c2b919e118,0.44041524459613196
n012e1d31ee134b2,0.7527019340159272
n0140026895f4e9d,0.17377701934015927
n0142dd3fea87a66,0.4178043230944255
n0142ea103d1e9fd,0.11006825938566553
n014a467721635ca,0.9819397042093287
n0165e05b554bde7,0.8973265073947668
n0171245b4f28a2b,0.17448805460750852
n01781b509ce4c47,0.5705346985210467
n017da9fc5a3ebae,0.9062855517633674
n017f9033d1c97d6,0.16353811149032993
n0193fa85e44fcb3,0.4970136518771331
n019f8b297447458,0.507679180887372
n01a08db14c04a48,0.01350967007963595
n01a6ee9a886af2e,0.7686291240045506
n01a8ef571b926d8,0.42519908987485777
n01ad5a1f7b89341,0.7052047781569966
n01b0d2a61cb23ca,0.6703640500568828
n01b3c1ba2cfb760,0.8866609783845278
n01b7b55149f1c4e,0.496160409556314
n01c5a6770c11e88,0.7511376564277589
n01cc28bf8c610ae,0.3380261660978385
n01d2a9deec66c16,0.9283276450511946
n01d8de85e2d8b98,0.3300625711035267
n01e4bf0e461b7fa,0.3850967007963595
n01f51d6caed924a,0.6001137656427759
n02018fd450e7ed8,0.4810864618885097
n02114c50bcf9fd1,0.10523321956769056
n0218da4f960093f,0.39761092150170646
n0224289e98690d2,0.07209897610921502
n022900001274f8f,0.7744596131968146
n022d34407fe26c5,0.8703071672354948
n025129008938e3a,0.5305745164960182
n0256174c7b303ce,0.8083048919226393
n025adf634e39601,0.4025881683731513
n0261e9bada792a3,0.840301478953356
n02629ca856b8a8b,0.8179749715585893
n026a578131f6a88,0.24388509670079636
n0289088d6569bde,0.459613196814562
n0290918ef1f48aa,0.3474118316268487
n02924c104c85578,0.43102957906712175
n029c2cb19ca6288,0.39618885096700796
n02b612f4123deb7,0.8637656427758816
n02b77ab7aeeb1ab,0.1214448236632537
n02be632a48e41a6,0.7458759954493743
n02bf7e6ca8a6049,0.6719283276450512
n02c17b800b79777,0.0022753128555176336
n02cfa49fe7e821c,0.7040671217292378
n02d19f977ff9bcb,0.018060295790671217
n02d93ce2a4c63c9,0.6808873720136519
n02f4b43abcf4fb1,0.9744027303754266
n02fec2dabe0da75,0.7774459613196815
n030584293b37cd8,0.7268202502844141
n030a6bf8364f7d1,0.4377133105802048
n031c176f498dae0,0.4967292377701934
n032a2f1a326f254,0.03853811149032992
n032b89dc4bc3689,0.44254835039817975
n0330571c4cc4572,0.8616325369738339
n03359a32da0bdb6,0.6366609783845278
n03392691397bcb5,0.5304323094425484
n033f148501484c1,0.39448236632536976
n034f7c51d7328c8,0.70193401592719
n035809cbd1dd6d0,0.4958759954493743
n0365758b50baadf,0.009812286689419795
n036cffcdc4510d3,0.7517064846416383
n03846682d7be99e,0.03640500568828214
n038606d33007687,0.5466439135381115
n0389f219f24db04,0.3623435722411832
n03912b4e778f9a2,0.061291240045506255
n039b7baaeb1fa2f,0.033987485779294654
n039f4ec06c20a54,0.6939704209328783
n03a515199539cff,0.09257679180887372
n03a9467942e2bf2,0.02232650739476678
n03af0840103c749,0.43486916951080773
n03b38b15e3e1b22,0.6616894197952219
n03b716ed58d3c85,0.2131683731513083
n03b83b6ad0e7443,0.2792946530147895
n03b8a213b9f1691,0.3198236632536974
n03bccf521ce1357,0.8670364050056882
n03c37fa2dc52985,0.6501706484641638
n03d2b48deeb0228,0.5794937428896473
n03d708daec11dd4,0.05418088737201365
n0418c61745d0405,0.897042093287827
n041db971a40f758,0.5477815699658704
n041fb6f7f1db1e4,0.07295221843003413
n04214b79fc0c7f1,0.8730091012514221
n042b6c4af078aa8,0.3630546075085324
n0437922a5615b76,0.5214732650739476
n04379ea3205c660,0.7856939704209329
n043ab8d2889a53b,0.012656427758816837
n0443c263a5bcaa2,0.8088737201365188
n0446e7f0c04e62c,0.15927189988623436
n0460e9c69621aec,0.7292377701934016
n0461b9919d2c496,0.3521046643913538
n04646857cfa2724,0.8065984072810012
n0466b3c9e1b0fb4,0.25127986348122866
n0466d0322af8deb,0.47312286689419797
n047405172734579,0.7333617747440273
n0474b3279a8d6c7,0.006541524459613196
n04882daa092719d,0.18302047781569966
n0491ea85caffa71,0.5504835039817975
n049229c7b98bf75,0.2804323094425484
n04a0f85000159a8,0.52886803185438
n04ad543376c82ea,0.926905574516496
n04af95497be8784,0.646188850967008
n04b6e458bc7b9fd,0.29806598407281
n04c49de5b241026,0.189419795221843
n04e59fea0e2b4c1,0.8051763367463026
n04ecba8aca50957,0.2472980659840728
n04ecf49722e10c3,0.13395904436860068
n04ed25e81be95cf,0.7320819112627986
n04f05cc56b20e94,0.9032992036405005
n0510c35ae065d4a,0.4859215017064846
n051bd8e0efe7b0b,0.5760807736063709
n051d2f83faf8cce,0.6426336746302617
n0522ed8dd236e9c,0.9924630261660978
n052f227be9d6361,0.4640216154721274
n0537ff9e112bb10,0.9789533560864618
n053958cb439faed,0.16026734926052333
n05411bdb028794b,0.35637087599544937
n055bdc1cd6c4066,0.5871729237770194
n0581d574b286825,0.9180887372013652
n058d057509e4e9c,0.808589306029579
n058d2908925ac83,0.7757394766780432
n0593b6a414b599e,0.9910409556313993
n0594498bc63d4ef,0.5629977246871445
n059bc5d5c2549c2,0.33447098976109213
n059cbce192e3395,0.07992036405005688
n05ae898de47cb60,0.302901023890785
n05c89f9d5d47db4,0.6402161547212741
n05cb24e03ce372f,0.9502275312855518
n05cc113f5a5989d,0.5273037542662116
n05d237811fceda8,0.6803185437997725
n05d77d02303b0c6,0.9375711035267349
n05df5a69b269965,0.1547212741751991
n05e31dd1759e265,0.36575654152445963
n05f3e5b504b0111,0.49388509670079633
n05f495d8a76f139,0.8248009101251422
n05f5499107bd68b,0.3684584755403868
n0603a86d146806b,0.625995449374289
n06106df20ef4e0c,0.6578498293515358
n0618591fe2e7918,0.5439419795221843
n061d6dc3a4fd5b4,0.5063993174061433
n062a0c78f3430ac,0.8536689419795221
n062c03446cac917,0.9914675767918089
n062d3d5e1fc9928,0.3232366325369738
n06322af3742b80c,0.46985210466439137
n063b030755a8b45,0.3658987485779295
n06422a6b4fc285f,0.38495449374288965
n06500ccf4d60c97,0.5610068259385665
n06508d0a7a728d9,0.19752559726962457
n06510b0e746de7a,0.15116609783845278
n0653b96a35c058c,0.9402730375426621
n066cba0531b894f,0.12656427758816838
n067479fc693e596,0.737485779294653
n068859eb045e809,0.7552616609783845
n06964690f3db159,0.8893629124004551
n06a36188634f415,0.05631399317406143
n06acc3694e71d7d,0.17633674630261661
n06ae9414cfdfdec,0.5911547212741752
n06b6d4f43c70887,0.366325369738339
n06c3294aeda1958,0.17534129692832764
n06e70fa0ffd9dde,0.14974402730375427
n06eb339289d9102,0.7970705346985211
n06eeb14a8914e6e,0.774032992036405
n07022adb9b6f37c,0.6871444823663254
n0708f1c93aca060,0.4571956769055745
n072ad9257683610,0.39007394766780434
n073197c5101102d,0.25554607508532423
n0731e593d6197f6,0.2982081911262799
n0739e8dbb4a7894,0.8737201365187713
n0748e8c77eca9cb,0.10637087599544938
n074a0618b008f15,0.5044084186575654
n074aea6985832dd,0.38282138794084186
n07926600ce44c0f,0.7994880546075085
n079696d9946bac4,0.2851251422070535
n0799ad3b7e216c5,0.5971274175199089
n079c6abf482da62,0.2123151308304892
n079f40855a707b0,0.17406143344709898
n07a33f14059fd30,0.3553754266211604
n07bd78e9df20ba2,0.7672070534698521
n07caa2ce885bbb8,0.3735779294653015
n07cb7c6ede1afe9,0.8320534698521047
n07cd0010dd37b4a,0.9611774744027304
n07d250a121dd23c,0.4724118316268487
n07d61a61f5e8f7b,0.40841865756541523
n080e25424e9d24d,0.6296928327645052
n0827a38b8b3e63b,0.42292377701934014
n0830ffc815e64c4,0.3289249146757679
n0836f31afed6bf1,0.8265073947667805
n084c9c9b3fbc9b5,0.4465301478953356
n084dddbc5e7d428,0.44581911262798635
n08666f69711553b,0.2300910125142207
n087ad59bae43526,0.20122298065984073
n087b6fc4b47b232,0.5109499431171786
n087d58f573d22e9,0.12443117178612059
n087e0c03aa13052,0.679749715585893
n0883f1abe4f08bf,0.837457337883959
n088cc6a50fde7f7,0.25853242320819114
n0890bed5643a2f3,0.5924345847554039
n0894b76a140f6d7,0.5517633674630261
n08a8a1761b6c498,0.03782707622298066
n08a9ed8c42f6817,0.37983503981797495
n08abca4ae00f33b,0.025881683731513082
n08acc9570e913cd,0.5139362912400455
n08b8723fad44ac8,0.9552047781569966
n08bf35f43e01abf,0.6463310580204779
n08cf84177c81463,0.8594994311717861
n08d275774e37683,0.892349260523322
n08dc83072e571c3,0.7455915813424346
n08e0c91f45cedee,0.10565984072810011
n08e2869180b74be,0.8262229806598407
n08e5c43cbac1f4b,0.15955631399317405
n08e822108853776,0.35167804323094426
n08eaa18130b34cf,0.008248009101251423
n08ebf7bf5352786,0.4872013651877133
n08edf38a2291749,0.22283845278725825
n08f3493e8cea3c1,0.862485779294653
n08f4652fe124268,0.3569397042093288
n08f54f07fa0d355,0.08375995449374289
n08f65fb4cb9691d,0.08831058020477815
n0902591279e707a,0.04607508532423208
n09047c5dab2a3ec,0.7501422070534699
n090c3ed4b614fce,0.2036405005688282
n0913b4340bb16e4,0.42804323094425484
n09325027d267fca,0.2986348122866894
n0935f17a901b643,0.7751706484641638
n0939f5f6d0dde1e,0.7838452787258248
n093db9c9fa6215e,0.4775312855517634
n094069871bf7568,0.6409271899886234
n09438d715e9deba,0.929749715585893
n094619fe3212221,0.7282423208191127
n094922fc3e02c57,0.7089021615472128
n094b1e6c42c48d5,0.9323094425483504
n0969d72977b6fd3,0.9516496018202503
n097112f69f07ad2,0.5216154721274175
n0979922bf08b461,0.8216723549488054
n097cf3910d6ba88,0.30474971558589303
n097ef1ae5701d13,0.11262798634812286
n0987ae25911ccbd,0.1217292377701934
n098c99078dec4b6,0.225967007963595
n0998ff257dfa224,0.8897895335608647
n099c8981d836395,0.8697383390216155
n099e6696be4c729,0.039391353811149034
n09aaf0ce0be7144,0.9138225255972696
n09b0518f90c5c38,0.8364618885096701
n09baab6609ba5ea,0.4945961319681456
n09e5b60dd1bf09b,0.5755119453924915
n09ff83f0d5ba6e2,0.6005403868031854
n0a049b2f32389e0,0.10082480091012515
n0a04da2aa33b717,0.18131399317406144
n0a07fb07f59cb6b,0.8110068259385665
n0a0ead56eb8ad93,0.5055460750853242
n0a2826e7c26564f,0.6794653014789533
n0a2dfbc59d41187,0.9570534698521047
n0a32a29c66dc986,0.002417519908987486
n0a499c61234fe62,0.019766780432309443
n0a51016ea4fbde6,0.30560295790671216
n0a5af350203b7ea,0.986490329920364
n0a6360934e4cdec,0.5422354948805461
n0a9007148cca330,0.9863481228668942
n0a902f1d3e9dacd,0.7060580204778157
n0a9527888860838,0.6655290102389079
n0a962d6e6383bd7,0.6147610921501706
n0a97453de4ee7e1,0.9688566552901023
n0a9e304ff91126f,0.71160409556314
n0abb8585ef160cb,0.7524175199089875
n0abf4a0188d8a20,0.036973833902161544
n0ac038ae3b6edac,0.37514220705346984
n0ac4b835723f588,0.040386803185438
n0acabd0e8abc5c2,0.8640500568828214
n0acdef5dedece11,0.45591581342434584
n0ad10f8f2aea7e6,0.8004835039817975
n0ad4bad0475563b,0.17121729237770195
n0aee8e1884d6baa,0.354806598407281
n0af5937c5197ea8,0.7521331058020477
n0b0e804a68f6f59,0.24232081911262798
n0b0f32c0e54fc84,0.5398179749715586
n0b10afc9ca4292e,0.3381683731513083
n0b123b44b43325e,0.5176336746302617
n0b1f08222f8288e,0.766353811149033
n0b215e49911750b,0.24118316268486917
n0b3193ea976d28d,0.5962741751990899
n0b320b55928dd54,0.006257110352673493
n0b3f36425fd8c97,0.8944823663253697
n0b42ad53fcabae9,0.7323663253697383
n0b589f238fab6d9,0.20179180887372014
n0b5ba80501ab213,0.031001137656427757
n0b64fdace04abd7,0.035409556313993173
n0b7521125fd2612,0.4789533560864619
n0b7969430b8e69d,0.5254550625711035
n0b807f0ad4a7cf1,0.12727531285551763
n0b8a51837d97899,0.9412684869169511
n0b8d47c94a957b6,0.9337315130830489
n0b8db860f54b600,0.856797497155859
n0ba59ec1292626f,0.3213879408418658
n0ba92683a3b37a3,0.8155574516496018
n0bae035f0cecbb5,0.823947667804323
n0baff0c0bac5398,0.7437428896473265
n0bc0d014f11b0f1,0.8757110352673493
n0bc407be022b58b,0.2770193401592719
n0bca33edd116a0c,0.8073094425483504
n0be1c6ef06489b9,0.58660409556314
n0be6d0d77226a8b,0.8014789533560864
n0beee4d804500c5,0.16567121729237771
n0bff115c7848ae0,0.67306598407281
n0c03d05a9aca311,0.675910125142207
n0c0e7d8ad5081fd,0.875995449374289
n0c135f5671ae8ba,0.5602957906712173
n0c234a864bc06a9,0.5895904436860068
n0c37440a4e42f75,0.7882536973833902
n0c389d48636f236,0.5436575654152446
n0c41fd9e89c31c2,0.4236348122866894
n0c4e12d19408ee3,0.08304891922639362
n0c4e9b8fe5a184c,0.27957906712172925
n0c567aa547e624c,0.9547781569965871
n0c6cac9a981f8b3,0.17832764505119453
n0c80f9ea77dcbaf,0.2939419795221843
n0c829d62e2f8a5b,0.6203071672354948
n0c8dc7701ae0aa0,0.691410693970421
n0c99bee76af27fe,0.26720705346985213
n0ca4d4737461e19,0.9709897610921502
n0ca763e2e222215,0.10395335608646189
n0cae687ec268156,0.8075938566552902
n0cb71273700a6ed,0.3179749715585893
n0cb918112db6b8e,0.9880546075085325
n0cbbca829e8ad2f,0.40984072810011374
n0cbe043e75a7b55,0.3687428896473265
n0cd790d8f7c85eb,0.3122866894197952
n0cda696012d80ee,0.8775597269624573
n0ce3c4cca0380f4,0.15543230944254835
n0ce442ae4e84871,0.6097838452787259
n0ce6237b1579260,0.8091581342434585
n0cf1c0bd5c4fa76,0.7906712172923777
n0d01b9a49f0b209,0.27303754266211605
n0d08dcf0741b6bc,0.48378839590443684
n0d1c6e847bae5ae,0.20477815699658702
n0d1e92714163693,0.4815130830489192
n0d20bf13b74531f,0.08802616609783845
n0d2477d0592f29f,0.19553469852104666
n0d2d62d6562eabd,0.7646473265073948
n0d3086aa69420f5,0.9391353811149032
n0d31b728f3ceb60,0.8863765642775882
n0d3c3695be6577b,0.9308873720136519
n0d4cf95d2f4ec92,0.8361774744027304
n0d554a9c3e88a69,0.6592718998862344
n0d55c67976e623d,0.5073947667804323
n0d59a00aaee0941,0.004977246871444824
n0d642380f65bd05,0.4222127417519909
n0d647986b5c8c00,0.03569397042093288
n0d64f287a849c25,0.7534129692832765
n0d7949ccac4a520,0.1739192263936291
n0d86ee8a14f466e,0.7502844141069397
n0d86f50df88c51c,0.30091012514220705
n0d8f2e032ab9c00,0.5587315130830489
n0da4da8c8ddbf66,0.3408703071672355
n0da505cb45bb114,0.5430887372013652
n0dab8eec0aeff82,0.7062002275312855
n0dadd9475a78ba4,0.8286405005688282
n0db5553cfef6e4e,0.9522184300341296
n0db7b7624c0580b,0.18017633674630262
n0dbf704e75f1c9c,0.33120022753128553
n0dcc63bad34bdbb,0.09172354948805461
n0dcee0b479caa51,0.6670932878270762
n0dd15c9075d8d4b,0.40571672354948807
n0dd22a0b9167c9f,0.4058589306029579
n0ddd6cbfa279694,0.9670079635949943
n0de8f8392b049bb,0.8071672354948806
n0dea2c8a07d3f41,0.09598976109215017
n0df687ca2682ebe,0.4183731513083049
n0dfc19ca0bc26b2,0.27474402730375425
n0e0176067edbcbb,0.5930034129692833
n0e0402d90b21466,0.6535836177474402
n0e08b09437c78b9,0.011092150170648464
n0e0da15e7e5dd76,0.6823094425483504
n0e0dc96d3c505f8,0.3117178612059158
n0e13093ef9d9d2e,0.49402730375426623
n0e22e585cb799b0,0.07053469852104664
n0e3ee587e4edd05,0.38893629124004553
n0e479e01aeecc76,0.46174630261660976
n0e563eeeb346d0f,0.6622582480091013
n0e5a2e09edcd2ce,0.5615756541524459
n0e6b06c886e54d4,0.197098976109215
n0e6d546367cd478,0.5420932878270762
n0e7ed250d9b3a1a,0.8724402730375427
n0e81dc1389a23c0,0.19055745164960183
n0e948b5a8a1603b,0.6200227531285551
n0e9990150441959,0.10907281001137656
n0ebf7561567648a,0.5968430034129693
n0ec747b326d60ac,0.15486348122866894
n0ece7eb18016707,0.3444254835039818
n0ee221ede53cfea,0.1296928327645051
n0ee706a059e90f5,0.9328782707622298
n0eeb6a5617e5182,0.7854095563139932
n0ef165367c968f2,0.05019908987485779
n0ef80367f1414f4,0.9014505119453925
n0efa86d3f7bfb14,0.49118316268486917
n0f0ecc1bada6eb6,0.7235494880546075
n0f16b4cde9142ce,0.6557167235494881
n0f16e5707b28ffb,0.5598691695108078
n0f32e17ea21b02d,0.18813993174061433
n0f44bd6532aa11f,0.33503981797497157
n0f4c738dcc02a1c,0.3176905574516496
n0f4e0a04749ca0f,0.0748009101251422
n0f534958e32374e,0.0338452787258248
n0f562190b5c350f,0.49772468714448237
n0f5b0fc9b75a93f,0.8122866894197952
n0f694975191026c,0.218287827076223
n0f796555ece0135,0.025455062571103526
n0f7b1c521e0b4e8,0.04536405005688282
n0f7f7e42756f4fe,0.6103526734926052
n0f83dc35ebe6319,0.891353811149033
n0f8d99586d935bd,0.6349544937428896
n0f94ebd7a67c8af,0.4152445961319681
n0f95215037de41e,0.7618031854379977
n0fa3911be63f59c,0.19169510807736065
n0fabd0e99a6d67e,0.859641638225256
n0fafd37b38612dc,0.38637656427758815
n0fcb4a9239b933b,0.623151308304892
n0fd7c3c0cfc4f26,0.757679180887372
n0fdfc44eb99e987,0.1323947667804323
n0fe18ac640c17bc,0.6080773606370876
n0fe64e3b4db8424,0.9997155858930603
n0ff3137c218fda4,0.6174630261660978
n0ffbfd490ce32f6,0.2724687144482366
n100b29e38b91634,0.8454209328782708
n100e2eadd9db565,0.24772468714448237
n1015466acb7c8eb,0.948094425483504
n101a553b8e00aa0,0.6555745164960182
n101b86a7955b6b7,0.5514789533560864
n101cd782994f9b6,0.41225824800910127
n10283f836e7fbab,0.9719852104664392
n102f7c768d45921,0.7436006825938567
n102fac849f21fa0,0.8056029579067122
n1046f243a4da79d,0.17491467576791808
n10666f8b055503d,0.6608361774744027
n1066a38f2873fc3,0.6117747440273038
n1067e0928e70456,0.8806882821387941
n106959bd22e3371,0.6439135381114903
n10695c4932bce2d,0.19724118316268488
n1077b843755c1bb,0.926052332195677
n108032d5b90be43,0.9695676905574516
n10878009a75d07a,0.5722411831626849
n108e07caf20f5cb,0.9530716723549488
n108eeee5dc3e651,0.697098976109215
n10a9a66b1d00945,0.21928327645051193
n10b1972386182e3,0.3910693970420933
n10b38bfdf5bd458,0.48976109215017066
n10b7015b7a46c89,0.00270193401592719
n10badc80e8afeb6,0.09783845278725825
n10bfba471892d12,0.7464448236632537
n10c589cb3fd1ee5,0.968287827076223
n10c8d2334f59364,0.14988623435722412
n10f35760dd53bfe,0.5359783845278726
n10f531999fc4ea9,0.0100967007963595
n10f7e1e4c55f174,0.4197952218430034
n10fb11dba0c0efb,0.33176905574516496
n11050d4ce853b3e,0.1389362912400455
n110ae0d2e9cf4b0,0.0611490329920364
n111a381a96e5d6c,0.32408987485779295
n111f7f125e68500,0.19027303754266212
n112103642f0842c,0.5955631399317406
n1128de10f1ab136,0.6008248009101251
n1129007bbfebffc,0.30915813424345845
n1146467c27a964c,0.809584755403868
n11551ccce7795f9,0.5482081911262798
n115c92efc22bfa6,0.8924914675767918
n1163c33a3c8f842,0.6060864618885097
n116542ffae6377d,0.2844141069397042
n116eb4f84c1d04b,0.6877133105802048
n1178ddb89d01b5d,0.6397895335608647
n1183a7be31457f5,0.5656996587030717
n118baacb7f8d894,0.38993174061433444
n1195cc87e8f93e6,0.24175199089874858
n1198a86428b6cb4,0.2743174061433447
n1199cfddc7fd210,0.7546928327645052
n11a5de6f238cb79,0.31897042093287825
n11a9c8a03bbbca4,0.6392207053469852
n11adc288118c48d,0.45292946530147893
n11b217f3e1c5bef,0.8899317406143344
n11ccca493d000ec,0.03171217292377702
n11d7b554b1e2231,0.9628839590443686
n11d95b63bfd5566,0.5155005688282139
n11e07d5ea5bc14f,0.8910693970420933
n11e25ab3512a5cd,0.9149601820250285
n11e414882579407,0.8314846416382252
n11eaaa075fa97c8,0.13353242320819111
n11ede543db35bfb,0.6106370875995449
n11f3a1479bb317d,0.6427758816837316
n11fafc402d15a9b,0.6723549488054608
n120c027aa92d162,0.027588168373151308
n121086923859f49,0.5054038680318543
n121968a9abf72a2,0.803896473265074
n12314e14bf42eff,0.1811717861205916
n12349305f3f540e,0.8986063708759955
n123c3b19dba2ad9,0.8280716723549488
n1243e7f60ba84c3,0.12642207053469853
n1249628acda0e3d,0.03455631399317406
n125e9796c77bbb8,0.981655290102389
n126d1c1a6c79837,0.8715870307167235
n126f87962bef73b,0.1850113765642776
n127717740fa7ed2,0.40386803185437997
n127c4e4b39e267c,0.5301478953356087
n127f841b7c84dd8,0.569254835039818
n128530ec5e539fb,0.14661547212741752
n12898e30019464b,0.5958475540386803
n128a50b589e850a,0.37016496018202505
n12920a8438b9b77,0.5419510807736063
n129361238852863,0.1149032992036405
n129755015b8b51d,0.34215017064846415
n12b4050386db5ad,0.17647895335608646
n12c9a01934ccee6,0.15073947667804324
n12e75b0b36fad39,0.2710466439135381
n12e8d9f2a07de3c,0.5281569965870307
n12e95e2f6a4f383,0.47482935153583616
n1314527c8cbc78a,0.1724971558589306
n131fc3958dea812,0.5964163822525598
n1320acd8deb13a1,0.07437428896473265
n132b18241786460,0.7150170648464164
n1330787166a4499,0.592292377701934
n1330bc97be5d6b4,0.06328213879408419
n13322e6100c61b3,0.11092150170648464
n1351ad19a3986ff,0.07465870307167236
n13588d7c4d21cac,0.7290955631399317
n1358b34f75eb244,0.1680887372013652
n135927e6d2fe42f,0.35025597269624575
n13599b6c00de5a1,0.5356939704209329
n135f3c9a7171160,0.7943686006825939
n136a3858c607c72,0.5803469852104665
n136ec4c3b5e3307,0.8026166097838453
n137767c361bfc24,0.42946530147895334
n13874129d4e5fc3,0.7616609783845278
n1393a7bbbc1b18c,0.4254835039817975
n139784576c96832,0.14419795221843004
n139bb2d3798dbbd,0.4717007963594994
n13ac5447fd30fb6,0.21032423208191126
n13bbb3839844dd0,0.7886803185437997
n13c44a0d95307f3,0.6909840728100114
n13c557035b198c6,0.575938566552901
n13d44d49396cbdc,0.09200796359499432
n13d9ecf175e22c8,0.8609215017064846
n13e2bcc6aa1b95c,0.1508816837315131
n13eff01e9037f73,0.8828213879408419
n13f21398dd08c9e,0.31356655290102387
n13f43229873069e,0.9567690557451649
n13fdfecea67fd7e,0.4844994311717861
n140e2c5ed10c68d,0.4830773606370876
n141a9cf5bf2ac37,0.1080773606370876
n143c1558b3a2267,0.48535267349260525
n144d5d189d8487a,0.6507394766780432
n145626ec5d4d3c3,0.12044937428896474
n145af28a64602db,0.7727531285551763
n145b7aac164bef8,0.27559726962457337
n1476bfed452476b,0.8784129692832765
n148d159b8cdf5ec,0.5241751990898749
n149323f9c649d65,0.7630830489192264
n14a546d9ac1c3f5,0.5857508532423208
n14a9a923d61f9f8,0.4456769055745165
n14b725fdc3372a8,0.7005119453924915
n14b8ba18e461285,0.26948236632536976
n14cbae6805ef0e0,0.4287542662116041
n14e7ad54dd7ce4d,0.5031285551763367
n14f2dfca4bc96b1,0.5647042093287827
n14f32e7bc66b7ff,0.15514789533560866
n14fe333493daa1c,0.5157849829351536
n150600227d2bcfd,0.4263367463026166
n15093d369bdd3d1,0.39732650739476677
n1528af9f3a39770,0.7724687144482366
n152cf3033881eed,0.4931740614334471
n153e50996f8856d,0.29109783845278725
n154957afe1d0d65,0.8960466439135382
n154a5337e7aa8b5,0.4264789533560865
n1558dbfdcf28cf5,0.13651877133105803
n1576f00bf87900b,0.6281285551763367
n1585fdcf36122ce,0.8630546075085325
n159e2408580e8b0,0.12414675767918089
n15b059bdd5502f9,0.9988623435722411
n15bc8d36c101f65,0.565415244596132
n15cd2452604d30e,0.5447952218430034
n15e76bb6f79a1f5,0.4883390216154721
n15e961db94eaa66,0.04906143344709898
n15ee0a9c2e6f4e4,0.3919226393629124
n15f74f72ec3e6dc,0.6554323094425484
n16100964d60cb64,0.35466439135381117
n16201d5c83fe35d,0.1410693970420933
n16519dbac3bcdce,0.03668941979522184
n1661df057d793c7,0.20705346985210465
n166d2ba22359a15,0.37343572241183165
n167e24a632575e0,0.4997155858930603
n1689001981469eb,0.11532992036405006
n1689d7d1f09a39d,0.34869169510807735
n168d6a65b73c80e,0.8331911262798635
n1694f24e02da8d4,0.19525028441410694
n16b0924d684ace5,0.1612627986348123
n16b37fd4754f32d,0.010949943117178612
n16c1f5c9a51dfc4,0.2440273037542662
n16c3ac7f9d70290,0.7242605233219568
n16ca36aab493e4f,0.750995449374289
n16dd35da1a6b574,0.9934584755403868
n16df4ebadd0ea01,0.5428043230944255
n16e11766bad7e83,0.318259385665529
n16eaaaedbee8c57,0.6821672354948806
n16f2bae10876694,0.7426052332195677
n16fa74d2dba0b57,0.18543799772468714
n16fdf4c75781070,0.10238907849829351
n1709730ea84e52c,0.30162116040955633
n170a51ca2830257,0.18358930602957907
n172d01f9481fd17,0.26507394766780434
n1742ed83d5b7207,0.7659271899886234
n1743de99b1a7d87,0.4224971558589306
n174a807fa824ddb,0.46686575654152446
n1751d02a5cefabf,0.9544937428896473
n176663b4ca8c0cd,0.8191126279863481
n1768bb107777a2d,0.9994311717861206
n1772d88622581c6,0.6301194539249146
n178dd60b36dab7a,0.2606655290102389
n179eba3755e7e88,0.73080204778157
n179fc436d67931f,0.3542377701934016
n17a5858837447d8,0.8629124004550626
n17a851e072c2e5b,0.7937997724687145
n17ad23543656bd2,0.965301478953356
n17aeaa22d6add66,0.6830204778156996
n17b07cb0ccddcda,0.6514505119453925
n17bb458e362f355,0.02488623435722412
n17c32c2fafd47ae,0.4975824800910125
n17c709bd6624cc9,0.41581342434584756
n17ce3286d485ce9,0.6456200227531286
n17d525b1f27b79e,0.20804891922639362
n17e74b3d9d3b936,0.5531854379977247
n17f07421e1f140e,0.9379977246871445
n17f18514d66b86b,0.8575085324232082
n17f86eed2c0eca3,0.8917804323094426
n1808c16458c00ad,0.4206484641638225
n18139816c823d6b,0.8518202502844141
n1830eb848bfde39,0.09371444823663254
n183f755f5923469,0.7718998862343572
n185252e07cae49d,0.23521046643913537
n1857253ae1fbdf8,0.09997155858930602
n187b9640d0d1d61,0.5756541524459613
n18846be2bd813f8,0.1864334470989761
n188f4e71462e253,0.45534698521046646
n18a272c4dfa0327,0.7245449374288965
n18b0ff0cc0f4188,0.9906143344709898
n18b3f9a4dbd4c0b,0.19141069397042093
n18b6e8fed9e46ef,0.6194539249146758
n18ba014608e065a,0.10466439135381114
n18cc17221277445,0.1116325369738339
n18d91c17b23c88d,0.1075085324232082
n18e68d8624de263,0.29223549488054607
n18f4a0003e46854,0.5841865756541524
n19032122cde815b,0.7030716723549488
n190cd1adfe71c29,0.3101535836177474
n190d1940da55972,0.861490329920364
n191de14b8fb69a2,0.482650739476678
n1946c2b69a21bb2,0.4667235494880546
n1947e931adb485b,0.3014789533560865
n194a8649e268ece,0.08347554038680319
n194e1d7476c7ef4,0.7387656427758816
n195377147e533ae,0.19354379977246872
n19573f568fd999f,0.3804038680318544
n195771b1410d9b8,0.7535551763367463
n195a31f3e5d5e7e,0.5341296928327645
n195c6c93d5a19e6,0.29465301478953354
n195cb4455c3447b,0.7123151308304891
n195d76796671077,0.14206484641638226
n195e16e39ae3b7b,0.10210466439135381
n196197115604650,0.9937428896473265
n197085525743182,0.5957053469852105
n19a1342cdc806c3,0.08916382252559726
n19a8a49010d7a71,0.9331626848691695
n19b2a0a60122e23,0.40017064846416384
n19c1fed4c0ae70b,0.6261376564277589
n19c5ecc935e2031,0.9168088737201365
n19d7b031eb1895c,0.4991467576791809
n19e80be848ae354,0.38196814562002274
n19e9d8e26d91187,0.9041524459613197
n19e9f317c6b0cac,0.7586746302616609
n19f178aa3998db3,0.43956200227531284
n1a118c75b9fdfd5,0.9877701934015927
n1a1f1d73ed4b167,0.23649032992036406
n1a318b0cc63ec5c,0.22753128555176336
n1a340b1e720dae3,0.2333617747440273
n1a345a094724fe3,0.007252559726962458
n1a365aa635b78e3,0.8411547212741752
n1a3ddbaff1ccaa5,0.7824232081911263
n1a6d5279c209129,0.9078498293515358
n1a6e532260a8523,0.7343572241183163
n1a71f709390023d,0.9344425483503982
n1a788a70068802c,0.37627986348122866
n1a78bba922892ff,0.3330489192263936
n1a8334d9225327c,0.5099544937428896
n1a84d750ac71b99,0.8118600682593856
n1a91c114f2a3545,0.044937428896473265
n1a9267b6117e1de,0.3796928327645051
n1a95a1cd0b72211,0.08944823663253697
n1aa39ce5f456c20,0.12130261660978385
n1ab6f31629bad31,0.7758816837315131
n1ac365a583b22a9,0.1220136518771331
n1ac4e5f1abcecb7,0.3434300341296928
n1af0a3720f4138a,0.13310580204778158
n1b0f2cf9c7c4029,0.47639362912400457
n1b27114f632543e,0.43031854379977247
n1b2ec3528a562e8,0.5334186575654153
n1b36631f066fbec,0.33390216154721275
n1b3a69e871e017b,0.3589306029579067
n1b3ce3d6af0cf69,0.8340443686006825
n1b4167ebd319271,0.5684015927189988
n1b42d22b06cec87,0.1277019340159272
n1b4c57a4b8b7942,0.1481797497155859
n1b4d6ffd74392e2,0.8593572241183163
n1b512514518b849,0.5041240045506257
n1b51db0aa6e7ae9,0.5607224118316269
n1b5b2dc17fa495e,0.2532707622298066
n1b6b294f2f0f63f,0.7542662116040956
n1b726d49a21d218,0.3666097838452787
n1b74c136cac9dcd,0.3644766780432309
n1b7ee44a5705309,0.6963879408418657
n1b815a4985d2db1,0.4283276450511945
n1b837843332eccd,0.08575085324232082
n1b958ff0574d511,0.08447098976109214
n1b9863f83cdfc46,0.5914391353811149
n1ba76e6c39ba43b,0.3848122866894198
n1ba91edd80c68c5,0.3866609783845279
n1ba948956a0bd8f,0.626848691695108
n1bb41a3f186a62f,0.45449374288964733
n1bb5aaee5499561,0.10068259385665529
n1bbea178bcef27c,0.06228668941979522
n1bc6ad3ba08105e,0.7418941979522184
n1bca74893dfa25d,0.8050341296928327
n1bd2c980e95622f,0.2215585893060296
n1bd4edb35ebe185,0.5294368600682594
n1bdc6982de3bbfc,0.05318543799772469
n1bf1c2de8d1a0d0,0.4441126279863481
n1c02bc617c5d51c,0.6329635949943118
n1c05e473daac761,0.9911831626848692
n1c06aea83702c21,0.056598407281001135
n1c169c16848b077,0.5735210466439136
n1c1f9ae09ac5c3b,0.19311717861205915
n1c29272a980d74d,0.2819965870307167
n1c310807494dd7a,0.16083617747440274
n1c3361636f8d336,0.560580204778157
n1c3d41b7a6b32ec,0.6660978384527872
n1c575eced6285eb,0.9306029579067122
n1c5e4f1b6feefd8,0.3902161547212742
n1c61b4508561e75,0.3024744027303754
n1c652cb1eb37ce7,0.10651308304891922
n1c8310c77775367,0.5238907849829352
n1c8a72a0a3eb33c,0.1697952218430034
n1c95f0532be8f2c,0.1550056882821388
n1c997349db19556,0.436575654152446
n1cac3fb32228106,0.42079067121729236
n1cb7fa76195ace1,0.27118885096700796
n1cc45f1760add96,0.4590443686006826
n1cd7ad2e5ef7684,0.9459613196814562
n1cd9ce179b377e6,0.23976109215017063
n1ce0a9f434214b1,0.893344709897611
n1ce8cda9c25c59d,0.6373720136518771
n1cec0c4ce1216ca,0.9894766780432309
n1cf5f89e9505b05,0.9883390216154722
n1d08b9f3c95eeb0,0.14533560864618886
n1d0dba0ea76f9ed,0.8236632536973834
n1d1dd8c8f2bc92f,0.3225255972696246
n1d26ac782ba935a,0.4257679180887372
n1d2908f982f78f0,0.3004835039817975
n1d2aec5e67d9c3a,0.9175199089874858
n1d2fb785197fe0e,0.7753128555176336
n1d39558be5b3990,0.7559726962457338
n1d4309b4c47ac72,0.3916382252559727
n1d43212e495872f,0.8300625711035268
n1d4a2cf298ac5d7,0.522042093287827
n1d55fe9c319ca40,0.7347838452787259
n1d5873e435c3cc5,0.7593856655290102
n1d5cf02ca8095f0,0.7558304891922639
n1d640d93e0ca8c7,0.9921786120591581
n1d6ffae07f35098,0.7080489192263937
n1d704de6da3b1ec,0.568259385665529
n1d70d23ce4ed5dc,0.7224118316268487
n1d75e6f32db5838,0.7188566552901023
n1d78f950be4b8d6,0.027161547212741752
n1d86614dee84128,0.00881683731513083
n1d86e35f9972f14,0.7571103526734926
n1d9d200df83407f,0.9350113765642776
n1da5b6adf1b87ec,0.2393344709897611
n1da93467408de87,0.5701080773606371
n1db589064a79596,0.34812286689419797
n1dbb2a18effba24,0.22440273037542663
n1dc5b4ac3fc1810,0.8233788395904437
n1dc9c3878739036,0.1050910125142207
n1dd890eccd23a12,0.6527303754266212
n1de3bf62ed73ac6,0.19738339021615472
n1de52914b6a4eb5,0.49217861205915814
n1de765781248270,0.49943117178612056
n1e0b4c3ff7635c8,0.19013083048919227
n1e0d650f5e589cc,0.20733788395904437
n1e0fe8d88005b42,0.46003981797497157
n1e19edf97c9b0a3,0.09129692832764505
n1e1caf570d4314f,0.9425483503981797
n1e1d93455fdf74a,0.7241183162684869
n1e2124894bdf02f,0.6285551763367463
n1e2835fe5322d30,0.36106370875995447
n1e3af8fa9888f7e,0.18430034129692832
n1e4c93450e14a7c,0.7945108077360638
n1e54906eb1781c4,0.5954209328782708
n1e5ed07b97cb4e8,0.07252559726962457
n1e62b07f1907c92,0.7818543799772468
n1e64b213a6d7145,0.7717576791808873
n1e6dcd507f192b0,0.8573663253697383
n1e7234c0cc4c995,0.4462457337883959
n1e7236c78427d1a,0.8246587030716723
n1e7975401be33fb,0.22042093287827078
n1e80a0f56d473f6,0.6274175199089875
n1e8bd1f287ca6f4,0.2558304891922639
n1e941bd521ed834,0.001279863481228669
n1e98b7b77fc9569,0.6956769055745164
n1e9dae0482afd25,0.6434869169510807
n1ea5db24d7e2b21,0.5784982935153583
n1ead0d079fc7eeb,0.33532423208191126
n1eb39da2f699caf,0.9001706484641638
n1ec1ff913431201,0.03924914675767918
n1ec34af0d07fc4f,0.7748862343572241
n1ec65e984eea86c,0.8489761092150171
n1ede32a850e5243,0.2137372013651877
n1ede5c206f3ef08,0.9635949943117179
n1ee529005f8e877,0.9468145620022753
n1ee5893bb78e268,0.2605233219567691
n1ee81e18e999ff7,0.44766780432309444
n1ee8baf3870c4d7,0.4746871444823663
n1eed917b371ecd8,0.7505688282138794
n1f0c6bd8bf14c31,0.9290386803185438
n1f0f2860c217577,0.30418088737201365
n1f10198c6921b6a,0.22866894197952217
n1f17682dfc08b94,0.6424914675767918
n1f17ff4e92383a6,0.7013651877133106
n1f1b11491ea45bd,0.20947098976109216
n1f1c6a9dd5d6717,0.3479806598407281
n1f1d7f739f4cc49,0.532707622298066
n1f1f8ce1ac4bda8,0.13111490329920364
n1f4b8bfc2cd80ae,0.872155858930603
n1f5937b3349f99e,0.6540102389078498
n1f6546c4a60d5c8,0.8607792946530148
n1f6d168b5818d23,0.018486916951080772
n1f75c618326c2d5,0.044084186575654154
n1f78ada90538b72,0.9395620022753128
n1f829afa1756d01,0.06271331058020478
n1f9f6ab62d9d1ba,0.38708759954493743
n1f9fc70ba231724,0.16339590443686006
n1fa23d7c171a3a0,0.6146188850967008
n1fa678c769a0ca3,0.5665529010238908
n1fcbdd8b2e5f183,0.6207337883959044
n1fcc6b5a42f45f4,0.8306313993174061
n1fd064697fd5804,0.611490329920364
n1fd06522a59ac89,0.9844994311717861
n1fd0a0e5f8ae7f4,0.47084755403868034
n1fd37f7efaa5173,0.518202502844141
n1fd41a819eb095b,0.4779579067121729
n1fd9d44a8f15276,0.7299488054607508
n1fec1f33bf883ec,0.659556313993174
n1ff5c5cc103b66a,0.620164960182025
n1ff7f570b58704d,0.01151877133105802
n2007d55ce84ec24,0.1362343572241183
n2017a2392f17637,0.16737770193401594
n201b2dd04ca23ce,0.6454778156996587
n2021d7780c50612,0.5736632536973834
n202469401fa967d,0.23762798634812288
n202494dbf30722d,0.12386234357224118
n2026b9e32300a92,0.7066268486916951
n204a4f456cf14da,0.5868885096700797
n204d93794000d97,0.24829351535836178
n20556f6668fa978,0.26621160409556316
n20590c625060fa7,0.05218998862343572
n205ed0065124b37,0.8383105802047781
n206ca495be0dbc2,0.5494880546075085
n207b11af0150923,0.042377701934015924
n2089ebb98425bfb,0.8900739476678043
n20a2832953d71c5,0.5184869169510807
n20a3e17031304be,0.5850398179749715
n20b5d9077e03e57,0.7083333333333334
n20bd01bf3e5e492,0.9418373151308305
n20d371bd57f07f7,0.5270193401592719
n20d5e3ea7c09d5d,0.14391353811149032
n20dc9a26a5cc977,0.4890500568828214
n20df57c1b9e2969,0.736490329920364
n20e3ccac9e02230,0.7000853242320819
n20e6446878d8113,0.19994311717861205
n20e6fcd3b77c793,0.10893060295790671
n20ea5c8ea108a5b,0.584613196814562
n20eef533aa8175f,0.19866325369738339
n20fcc1eb56d8575,0.3720136518771331
n21034f277d12a8b,0.6965301478953356
n210bb261b83b786,0.4234926052332196
n211895252bf121f,0.7275312855517634
n211eca630a0eff2,0.8330489192263937
n21217d4c397249b,0.5888794084186576
n2122c41d8f80fe2,0.018629124004550624
n21274258a44f8d7,0.9495164960182025
n21310fc15fee80d,0.726962457337884
n2140c27b631d036,0.009954493742889647
n2148b379259c79e,0.2684869169510808
n2158e0b4e62b11c,0.6208759954493743
n21591d96524e67f,0.16453356086461887
n216b11d37ef9cc7,0.8266496018202503
n216ce6c02251e37,0.8243742889647326
n21928ef54c238f4,0.8438566552901023
n219b6e9acbb4079,0.02218430034129693
n21a13e096e40737,0.6167519908987485
n21a324e2f3a80e6,0.12784414106939704
n21a8b85eaebcfe6,0.29621729237770195
n21b1568a98b58d9,0.1329635949943117
n21b194c89aca0ef,0.09229237770193402
n21c1902603e58f6,0.37869738339021614
n21f923eedd7eb76,0.3774175199089875
n21fe258a00438c3,0.3789817974971559
n21ff1717aa847ec,0.7283845278725825
n21ff318cd9b078f,0.6949658703071673
n22042682f34d9ed,0.3373151308304892
n222329044a2a364,0.07650739476678044
n2226347423f085f,0.5558873720136519
n223010c3f698142,0.5712457337883959
n223777406f1a579,0.47582480091012513
n224e9c851bd78da,0.07721843003412969
n2251198eaf7979a,0.1926905574516496
n22532e943a94417,0.08703071672354949
n2254628accef2b8,0.2815699658703072
n225779b0749d995,0.491325369738339
n2257a74d60e7c11,0.9381399317406144
n225d03e8dd18b27,0.4415529010238908
n2263a7eb87fc45f,0.20207622298065983
n2267f284146f17a,0.037969283276450515
n228c0bac536f83c,0.24843572241183162
n228c61551fb91e9,0.18899317406143346
n229630c810880a9,0.21146188850967007
n22a2b5cc59a9c6c,0.03043230944254835
n22b32ce29863528,0.1995164960182025
n22c04adf71d42ac,0.5499146757679181
n22e5e8fc076d4f7,0.3228100113765643
n22f08baac4aa129,0.7356370875995449
n22f56b7981c9dd7,0.7114618885096701
n230d9a15faf260e,0.8373151308304891
n23106c19fa45dc4,0.6922639362912401
n231d287e1eea4d7,0.01948236632536974
n232d5bcd23f422b,0.873151308304892
n232e7312322cca6,0.9614618885096701
n23301af3dbd417a,0.685580204778157
n2333b1edafc1061,0.7492889647326507
n2341334f8a59a61,0.31313993174061433
n2347e4810b93347,0.43273606370875994
n235428796e97ae6,0.06825938566552901
n2357af54d501c21,0.7160125142207053
n23645d6e75b6c6d,0.8299203640500569
n2364acd1c745c70,0.05702502844141069
n236850e8a0d0814,0.09414106939704209
n2371ccd24c1f97a,0.034698521046643914
n23732f6aa21fe54,0.2898179749715586
n2384d5d3654aeaa,0.9569112627986348
n23851795847490b,0.7866894197952219
n238c74a2163ff8e,0.44510807736063707
n239aebefbd5f16d,0.5388225255972696
n23a3c61c7a4657b,0.5440841865756542
n23a5c315ecb5825,0.1651023890784983
n23a8f8d4daf8ac2,0.7262514220705347
n23ab0f884b7e045,0.22397610921501707
n23b8a4962fdaafc,0.042662116040955635
n23bb0f5382486cd,0.8653299203640501
n23c49753818813a,0.6012514220705347
n23c68b8e8a26464,0.933589306029579
n23cd1f613a020c9,0.9311717861205916
n23dbd3427324c23,0.3438566552901024
n23f914eb3bdb2f2,0.5829067121729238
n240ab670783838e,0.5999715585893061
n2422c678dfac79b,0.2869738339021615
n242cc167239bcd7,0.7306598407281001
n244c41035a4e361,0.39860637087599543
n2469981e3fa22e0,0.977957906712173
n247228605a15a51,0.012514220705346985
n247fb18006fd106,0.9109783845278726
n248193982174e1a,0.3839590443686007
n24867afb65f2a5d,0.5213310580204779
n2488c9078323e6a,0.6761945392491467
n2491a02a575953f,0.718287827076223
n249bff11d7e1af7,0.7380546075085325
n24a59543c61c643,0.9229237770193401
n24b5b5aebd06e5a,0.2232650739476678
n24baa41b5618085,0.9327360637087599
n24bad02afa60a5a,0.5583048919226393
n24be7b935de655d,0.7414675767918089
n24d4232095b0d00,0.020762229806598406
n24da907da270c1d,0.2060580204778157
n24e7c76438dea5f,0.7514220705346986
n24ef485bd69025d,0.9810864618885097
n252679b89bed09c,0.6722127417519909
n2528b2b5089173f,0.20392491467576793
n252a92b6817fd4b,0.24473833902161546
n25308e75fa3f9aa,0.0745164960182025
n253548904ddbebf,0.08930602957906712
n255aa238ff39e75,0.20378270762229805
n2569bd992829600,0.4017349260523322
n256b4864865e4d6,0.8613481228668942
n256bb311a550f2c,0.694254835039818
n256d49b00c30efc,0.09940273037542662
n256f10b97e46f9c,0.45563139931740615
n2578d56056746fd,0.9901877133105802
n257ca13557d0857,0.7694823663253697
n259bb430d0d70fa,0.6355233219567691
n25a0c9df8b773e5,0.4726962457337884
n25a531375a6b185,0.5179180887372014
n25a8a0de7b23126,0.17207053469852104
n25b55fa4b3b6214,0.5573094425483504
n25b9d09ae6e2eb0,0.645193401592719
n25ce1cfa68f6c0c,0.38111490329920367
n25dc37b5962747b,0.9360068259385665
n25e91171b56d1c6,0.029294653014789535
n25ee10e5c697bdc,0.4304607508532423
n2602c7a7f570b00,0.08774175199089874
n260508de9431eb2,0.7460182025028441
n26069b6bfd13056,0.08518202502844141
n260a7529f326653,0.8777019340159272
n2612c691f8aa67a,0.8503981797497155
n2613b1ec7df2c6c,0.5314277588168373
n261ee592c43d535,0.42704778156996587
n2623428417320ba,0.2054891922639363
n262a231a994daab,0.15102389078498293
n262c01e6d57d5ae,0.8823947667804323
n26417b4f83c62cd,0.44837883959044367
n26458831726fcb5,0.9015927189988624
n26510e4a396254e,0.15443686006825938
n266fc02590b1bcb,0.5649886234357224
n26732a0df08ee2f,0.21786120591581343
n2679c27d86beb62,0.22369169510807735
n267d23a23f6a568,0.3930602957906712
n267f44b9eb1ca72,0.5228953356086462
n268fd5af1163ca3,0.6542946530147895
n26987954e486d9d,0.4564846416382253
n269ed551880b5b4,0.882679180887372
n26a33f5765b4cf6,0.5406712172923777
n26b353dd95fdbe5,0.9862059158134243
n26c6ed669a12929,0.7036405005688282
n26c8e0495f1a182,0.3026166097838453
n26ca0cad5711df1,0.7495733788395904
n26cbc519e3a666d,0.9881968145620023
n26df35dea01ae51,0.9566268486916951
n26e663ece7bf679,0.1309726962457338
n26fc6272d3916f7,0.402872582480091
n26feeadc3c3445e,0.36177474402730375
n27032254919eaf8,0.8408703071672355
n270b3c35cfa19d7,0.5376848691695109
n271c91773c87dfb,0.7117463026166098
n2720f5714e72deb,0.4745449374288965
n274a34513d2b00c,0.534698521046644
n274a75e826b95cd,0.00739476678043231
n274cc2f0c681001,0.30602957906712175
n2751cb316d394b3,0.4910409556313993
n2766d0f26c8c083,0.430745164960182
n276e422cdce9f44,0.8100113765642776
n276ead113dfd8c7,0.2525597269624573
n2775a38ceda0b6a,0.1978100113765643
n27812da6edd39d4,0.35779294653014787
n279a4a02b89efd8,0.3909271899886234
n279e100b0b53527,0.9462457337883959
n279ed0f157137de,0.10949943117178612
n27a48f7403163ec,0.5554607508532423
n27aa17cf50eebc2,0.286547212741752
n27ac99d3eb0d884,0.31257110352673495
n27acee9d7d1e7a9,0.9549203640500569
n27ad45a070e6211,0.5110921501706485
n27ad96ca4a4cfb1,0.64419795221843
n27b2ab8cae8d58f,0.6160409556313993
n27b4a359a5e4490,0.4071387940841866
n27bb0bfce6f5df6,0.06569965870307168
n27cfd055133dd2b,0.909556313993174
n27e9b0a52196fc4,0.9324516496018203
n27f23ed89ec8db8,0.24246302616609783
n2807de4c22eaee0,0.463452787258248
n28137bba0ef07d9,0.14803754266211605
n2815d21ad961908,0.16936860068259385
n2826b169faab4d9,0.8467007963594995
n282d56c74cff3b9,0.8769908987485779
n283feae0d6f1b0c,0.2170079635949943
n2858cd6cfdde27d,0.007963594994311717
n28591d9bc4a007c,0.11291240045506257
n2864915f3e3d726,0.8940557451649602
n287a438ba168047,0.964448236632537
n287b3f5e371d1a6,0.11604095563139932
n2885b43dec638b2,0.24217861205915814
n289e7a8d491e884,0.3455631399317406
n28a65b978460cc6,0.056456200227531284
n28c3edff4ceed63,0.36205915813424344
n28ccf9160e880ba,0.753839590443686
n28da335010956c2,0.18216723549488054
n28ead2b0049c27c,0.570250284414107
n28fb87cd50cb898,0.9742605233219568
n28fee1f4cb179a8,0.3700227531285552
n29027a1fcc032f2,0.7044937428896473
n2910ece300aab6f,0.7330773606370876
n29171d44763b919,0.28725824800910127
n29209ce21232a92,0.8657565415244596
n292abd380911760,0.21487485779294652
n292ae201853d7c3,0.8646188850967008
n292eee5e2a964a8,0.681740614334471
n292f7a5168122d1,0.45378270762229805
n293276d3815842e,0.7201365187713311
n293d3bd314e65fa,0.4185153583617747
n293f5aae7e269d7,0.9320250284414107
n294416c095eb458,0.8174061433447098
n2944c9dc350632c,0.3812571103526735
n2956d3bbf46b951,0.45051194539249145
n296a43fea60ba9c,0.8843856655290102
n2981a2377825b74,0.43543799772468716
n298c3c3db23eea0,0.8748577929465301
n298e176c6d03ba3,0.9893344709897611
n2994595d6c9e290,0.4916097838452787
n2996bb9f81c16fe,0.8996018202502845
n29a68f871c926b6,0.8855233219567691
n29aac25aed272ac,0.06626848691695109
n29ae7be4b5241f9,0.5799203640500569
n29bf401e22e72c8,0.6372298065984073
n29c879271cf1370,0.6925483503981797
n29f2311bf530e5f,0.31456200227531284
n29f6e7f6b378406,0.7834186575654153
n29f7c77b0a81946,0.5772184300341296
n2a10440ff5a9dd0,0.5591581342434585
n2a12a17340db6dd,0.02431740614334471
n2a17b484ee0ad81,0.5675483503981797
n2a1d90b3a8b8f40,0.802901023890785
n2a1ddb2b3526816,0.03370307167235495
n2a2a5769e7fe369,0.17889647326507394
n2a3ff3a3addc196,0.9485210466439136
n2a445dcdaa1a626,0.24061433447098976
n2a4ad0ee2e51477,0.9526450511945392
n2a5981a39d0a38c,0.8516780432309442
n2a59e91dd32d513,0.8098691695108078
n2a75d1254628467,0.7869738339021616
n2a76498ef8d14d6,0.23720136518771331
n2a79309dfab6888,0.034129692832764506
n2a7afc7e86d4b04,0.34015927189988626
n2a809f5d2fbc64f,0.07977815699658702
n2a81f4490ab2c89,0.49985779294653016
n2a88745c2c2be36,0.395193401592719
n2aa17b6b7d38836,0.5039817974971559
n2aa247e12e71737,0.7302332195676906
n2ad71b61ddca979,0.11120591581342434
n2adf4580592d3c1,0.15059726962457337
n2ae845af2ea02b5,0.32849829351535836
n2aeae7e5a4686e9,0.9583333333333334
n2b026f498797fde,0.26862912400455063
n2b0f528f0ca86af,0.13196814562002276
n2b10d01a3bc9ca0,0.8991751990898749
n2b12ca53dc52ca7,0.919226393629124
n2b16fa03e11c80f,0.295221843003413
n2b23e5d92b9f473,0.8309158134243458
n2b29adc3582145a,0.18245164960182025
n2b29c7da3ca03fe,0.15130830489192265
n2b4089bad35ac13,0.8877986348122867
n2b47256cd12974d,0.3536689419795222
n2b4d6bb19bfe80a,0.455773606370876
n2b5a9e7bca2af24,0.11973833902161547
n2b6434b5b8639b8,0.3528156996587031
n2b66f6aea3d5859,0.9964448236632537
n2b71b65ebbd90fa,0.9449658703071673
n2b80e0eb88f1550,0.004550625711035267
n2b884cbbc2f85e3,0.3275028441410694
n2b8c13ee12e5b26,0.842292377701934
n2b933288eba2829,0.33034698521046646
n2ba1e15043345c9,0.21331058020477817
n2ba73a7e3206534,0.8939135381114903
n2bacee9d9cc6a97,0.6712172923777019
n2bc037afde80178,0.36149032992036406
n2bc7aaca872c73e,0.294226393629124
n2bc8b3416b3c4f5,0.1454778156996587
n2bdd3ffbef8002e,0.007110352673492605
n2be511e6dc716d5,0.11376564277588168
n2be85f589bb6edf,0.165386803185438
n2bf32eaef5d32d7,0.7360637087599545
n2bff521ee65b778,0.7325085324232082
n2c00373b8f4f940,0.15429465301478953
n2c1a48c83b41f9c,0.48563708759954494
n2c21d884eda5a0a,0.4351535836177474
n2c24f97ad6141e4,0.934584755403868
n2c2abf39ffb4124,0.0169226393629124
n2c2d1070db78dc7,0.908703071672355
n2c4391cb3f6ca76,0.9852104664391353
n2c471eb56ca2073,0.15642775881683732
n2c53ab3fe3a27b7,0.01678043230944255
n2c619df9b9ef06b,0.125
n2c621d15082351e,0.4424061433447099
n2c69aab6769d0c2,0.7697667804323094
n2c6dd77e3d471ca,0.3833902161547213
n2c6f761b324a5d8,0.32664960182025027
n2c7778a59ad6cc1,0.6369453924914675
n2c8c43acc56b6e3,0.89419795221843
n2c8ea6313ec99ef,0.6935437997724687
n2c90ee5b69ef525,0.5302901023890785
n2c95b2a6c84e3c8,0.5975540386803185
n2c97c50468cc392,0.7137372013651877
n2c99c69ecf91a08,0.040955631399317405
n2c9e4261e159cc1,0.0002844141069397042
n2ca1cc38103d66a,0.9458191126279863
n2ca44962187a46f,0.5339874857792947
n2ca8566f5446a0d,0.2919510807736064
n2caf1e192128c0b,0.6774744027303754
n2cb0593cd6fe304,0.3245164960182025
n2cc016543de9eff,0.606655290102389
n2ccd49d5ee1194d,0.05460750853242321
n2cd240ef201f84e,0.47369169510807735
n2cd6762b1c84390,0.21515927189988623
n2ce2a903c4ad9cd,0.8745733788395904
n2cfd4f89ae53b0b,0.7726109215017065
n2d069dd9b010887,0.2738907849829352
n2d1ca03660cae03,0.41069397042093286
n2d1eb45adebd609,0.6936860068259386
n2d1f8f7c9de1e3e,0.4901877133105802
n2d20dffd428da59,0.9264789533560864
n2d29ef2eae1d768,0.9267633674630261
n2d2a2cbd39d22b7,0.4527872582480091
n2d3ae4dc7f6c1b9,0.6488907849829352
n2d495f65e23aad9,0.2902445961319681
n2d4ad2cdb6f1396,0.21089306029579066
n2d4d3fe111fc710,0.4981513083048919
n2d4e99597aacc03,0.9698521046643913
n2d5f68d2a475d56,0.7832764505119454
n2d6108c2f96dee5,0.5437997724687145
n2d7a96633e9b39d,0.3148464163822526
n2d7cd0ebc357ac5,0.5672639362912401
n2d7dd4d19ae2b23,0.9975824800910125
n2d8bb09db17d6a0,0.09428327645051195
n2d8d18065a0627d,0.14064277588168372
n2d8d35ca7ad3ce5,0.8563708759954494
n2d91f4d0358aafe,0.8074516496018203
n2da25b7b6821eb3,0.04138225255972696
n2db4d2f0c764cd5,0.8495449374288965
n2dbb5d18a5e8d85,0.45307167235494883
n2dc266e1db87666,0.6100682593856656
n2dca011e26c6536,0.6396473265073948
n2dcd70a7db87bf6,0.5942832764505119
n2dd58da4d31551a,0.0949943117178612
n2dd597ac0bda48c,0.7101820250284414
n2dfa280d16aca5b,0.9088452787258248
n2dfc4207186b382,0.35580204778157
n2e00e09903b6028,0.28782707622298065
n2e05e8eacc546a3,0.3337599544937429
n2e2228a3473d907,0.30631399317406144
n2e251576ad4d6ad,0.16837315130830488
n2e3a9dbe5b6088b,0.4180887372013652
n2e3f30bccaaedee,0.08120022753128556
n2e459b4c590e22f,0.4608930602957907
n2e530470b8ebe34,0.004408418657565415
n2e5a4ceb8644de5,0.9035836177474402
n2e6b41c1d9d3c9a,0.7693401592718999
n2e75ba47f4d60fc,0.6626848691695109
n2e7d9364c968f47,0.3223833902161547
n2e863b1739932b4,0.020477815699658702
n2e8f9abecc4ea3e,0.5100967007963595
n2e9351511b70a01,0.9426905574516496
n2e97d2bd67e9300,0.13324800910125142
n2e98c7d57096dc3,0.2194254835039818
n2ec60a02c85e3b2,0.023321956769055744
n2eccf81ad0dd072,0.7575369738339022
n2ed7c68c055bfde,0.6569965870307167
n2ed9477d6744474,0.7755972696245734
n2ee0ace72f58f78,0.6129124004550626
n2ee7f8111e385b4,0.7090443686006825
n2ee8a41b9825a5e,0.33418657565415244
n2eef203677d727c,0.5476393629124005
n2ef1f073f0944f7,0.1315415244596132
n2efdad39cbeca25,0.9867747440273038
n2f07204cc199b23,0.10793515358361774
n2f0b2a3c53229ba,0.3162684869169511
n2f14572905d454e,0.04664391353811149
n2f1e4a94c191cbb,0.4189419795221843
n2f2b3abb591dc32,0.6467576791808873
n2f42525dc5b8dce,0.17477246871444824
n2f44cc54399a84c,0.7741751990898749
n2f45d6cbaee0cf4,0.5378270762229806
n2f4c5d001b37a20,0.5928612059158134
n2f5007938042e29,0.7573947667804323
n2f5c61e71a1c0d7,0.534556313993174
n2f5fd18587b81fe,0.745164960182025
n2f694238ff27766,0.2656427758816837
n2f7c769ee805ddb,0.85580204778157
n2f80db4bff57e07,0.6170364050056882
n2f8bf560955b115,0.267349260523322
n2f9c0b13e4c54ba,0.9196530147895335
n2fa47f23db07c9d,0.35082480091012513
n2fc647184c419cd,0.2923777019340159
n2fdc3fe1df4a093,0.3102957906712173
n2fdd932e6388e3d,0.9023037542662116
n2fe15a894673782,0.15685437997724688
n2fec949815bd869,0.4580489192263936
n2fede2578511af5,0.15813424345847554
n2ffa6471e64a3cc,0.8152730375426621
n30011ba33519d83,0.8223833902161547
n3002f9eeaa6c2dd,0.027303754266211604
n300615ebec799d7,0.590301478953356
n3010ebd38cb9388,0.9795221843003413
n30115d2f1be90b6,0.9685722411831627
n30203e15527392c,0.46331058020477817
n30253c1a844b180,0.5972696245733788
n302fa30f91220b2,0.4300341296928328
n302fbce653da633,0.9378555176336746
n304cc64dfcabf79,0.8054607508532423
n305eaf64151c594,0.16396473265073946
n306190e4a7ad2a0,0.47340728100113766
n306e62afd71fa92,0.30802047781569963
n306f70a19747696,0.2582480091012514
n307625ed8f5c670,0.33774175199089873
n3081ffe69a18872,0.16467576791808874
n3088199892cfd1e,0.890358361774744
n30a04932d83cd2c,0.7531285551763367
n30aef4ed59571f3,0.15273037542662116
n30bac407a6272b4,0.44880546075085326
n30ce5183f801c7e,0.7761660978384528
n30ceffc15e2a01c,0.3361774744027304
n30dabcf8018bcfe,0.051194539249146756
n30ea9aafc7b652e,0.5550341296928327
n30f578905f80f07,0.5463594994311718
n30f9722094d4fef,0.42306598407281
n3103790d18378e2,0.840443686006826
n310e0d9ca28272a,0.606797497155859
n310e93aaa03ab96,0.7889647326507395
n311116269a98fb3,0.854806598407281
n311220f0d32fabf,0.7222696245733788
n3112ee314ed2c5d,0.024032992036405007
n311f5910e4dcecc,0.8391638225255973
n3126e4675acb66a,0.6824516496018203
n31279b3850903fd,0.029863481228668942
n313c6978149d38c,0.8351820250284414
n31422178bff02a8,0.6368031854379977
n31507078d17c0b8,0.2974971558589306
n315a516f9127fef,0.790386803185438
n315aff9578e5117,0.9382821387940842
n315fb5622916ccf,0.8680318543799772
n31631a4ec9a006f,0.5524744027303754
n31674f8e95bb6cc,0.0009954493742889647
n3168805f7465a99,0.4500853242320819
n316dbdedd44fb52,0.2707622298065984
n317a246e57e751a,0.027872582480091012
n317d118d291804f,0.6190273037542662
n31a0b00ee14a248,0.660551763367463
n31a1235c8fa55ce,0.06143344709897611
n31a39f4e3b33825,0.0052616609783845275
n31a4c730c0b31f9,0.7721843003412969
n31c364c6c38d984,0.2426052332195677
n31c65e826f87275,0.20975540386803185
n31cd30335234e7d,0.24914675767918087
n31cda4a195110f6,0.607650739476678
n31cdd230b14a5fa,0.7332195676905574
n31df1dc7699d33a,0.4398464163822526
n31e007b63890b4a,0.43316268486916953
n31ebb90c3554248,0.5382536973833902
n31f0ad7849305a0,0.23350398179749715
n31fc39560c4db6c,0.4151023890784983
n31fd027b68e70fc,0.9060011376564278
n32017156a8103c4,0.2706200227531286
n3204e27b483d268,0.7969283276450512
n32068547ef1d04d,0.8102957906712173
n320a8988043d0da,0.20819112627986347
n320f4aa3e9c4c02,0.28924914675767915
n321249d22b995bf,0.9735494880546075
n3213b89ac15319a,0.742320819112628
n3220caf79c0c77b,0.13125711035267348
n322a25a9767284d,0.5715301478953356
n3235edb6a92c204,0.9008816837315131
n32366b082bcfea5,0.22113196814562003
n323a87fecad5b91,0.22482935153583616
n3247d890c4f4959,0.8762798634812287
n324918a63aa2b98,0.6420648464163823
n325924be7b82fd6,0.5062571103526735
n325954e4c3d9a89,0.8395904436860068
n326700586d85101,0.818259385665529
n326ccea87c5e35d,0.6410693970420933
n32725a5a1322012,0.678896473265074
n3274f896f235469,0.5635665529010239
n327b5663e56e74c,0.5992605233219568
n327d179ac775aa2,0.08660409556313993
n327e88592584427,0.11390784982935154
n327ef155b437d9a,0.03213879408418657
n32902c45f0ec633,0.771188850967008
n3290e5f155977c2,0.6214448236632537
n329454fe3fbc732,0.5197667804323094
n32a48df9bf6e60c,0.3960466439135381
n32a7938d9dd1da0,0.09456769055745165
n32aa55bf7f42989,0.7581058020477816
n32b3f14df2a630c,0.6035267349260524
n32b9338d6391a79,0.31100682593856654
n32c52c9a9580cea,0.22141638225255972
n32ddd3e83f37997,0.7281001137656428
n32ded93ff99f592,0.6891353811149032
n32e650f65652230,0.590443686006826
n3309fc5529e1c67,0.7214163822525598
n330d4a07a3cdbed,0.40813424345847554
n331084683273fe8,0.5706769055745164
n33463f80a820d00,0.8626279863481229
n3348e99e20f590d,0.7397610921501706
n335ccf5d2545059,0.4904721274175199
n33621ad9dbcfb2f,0.3757110352673493
n336f957ca2b1592,0.06612627986348123
n338e6930af63694,0.2434584755403868
n339d4a6db5ade3b,0.6658134243458476
n33acbc99836ad18,0.45492036405005687
n33bc5f0a55bd656,0.35452218430034127
n33c315d98b53b08,0.8377417519908987
n33ca2d346379960,0.7955062571103527
n33e725883ed59d9,0.06811717861205915
n33eae1e1893bc25,0.0676905574516496
n33f3d3d22c080a9,0.8560864618885097
n33f41123b4ce3f3,0.1407849829351536
n33fda7697e71a00,0.3667519908987486
n34005c86cbea352,0.6247155858930603
n34059bc3b27a7c2,0.44141069397042093
n3406beb07d2c89f,0.3873720136518771
n341394709756816,0.7428896473265074
n3414b0c9b79e7fa,0.7076222980659841
n3417f2742b66579,0.4052901023890785
n34229ae97261344,0.2748862343572241
n342c6720e626319,0.4819397042093288
n342fcf69bbc206c,0.8552332195676906
n3440fba777147b5,0.13822525597269625
n345e8a576eaf825,0.4822241183162685
n3462cace87fda5e,0.2360637087599545
n3484e08d24a6544,0.37955062571103526
n3489cb05228928a,0.0905858930602958
n348cb2d1ea51e03,0.16311149032992037
n34a1aa3432b0272,0.12585324232081913
n34a8e71e00e627a,0.858646188850967
n34c7b5b9aaa1f44,0.7965017064846417
n34cbb6e97564ec8,0.008532423208191127
n34d722d79717ca2,0.3462741751990899
n34db2b61fc8fd41,0.3877986348122867
n34e2124246d2c19,0.10722411831626849
n34ea9ddb04cdf40,0.08233788395904437
n34f7f921c559782,0.8890784982935154
n34fdbbacf9785c5,0.1722127417519909
n350462f5028974b,0.625
n350dbc62b178b6f,0.2420364050056883
n3510162b53ed62b,0.41965301478953354
n3511fef65415f89,0.1962457337883959
n3513afcb521a7dd,0.13609215017064846
n351b9ed91ce8afb,0.141353811149033
n35284d2e5461286,0.5982650739476678
n3530e6287054c6f,0.5147895335608647
n35321348dce96df,0.0780716723549488
n353664ae3ede921,0.10708191126279863
n353f54c6b173579,0.2960750853242321
n3543973f0aeff9c,0.9294653014789533
n3547e62e0b04f35,0.41467576791808874
n35505175d9f4cc6,0.8713026166097838
n3556c21b1f32699,0.1852957906712173
n3558ac3c5df2d64,0.26934015927189986
n3559178964e8cd3,0.53839590443686
n35799564e299f4a,0.9523606370875995
n357a2e451d831c0,0.794226393629124
n358a4f1c7253509,0.41439135381114905
n358bb83be4135db,0.7569681456200228
n358cfd7560abb84,0.5881683731513083
n3597fd4f471f7de,0.7986348122866894
n359fcc0cd769f68,0.9200796359499431
n35a473980f7d7e0,0.5994027303754266
n35a71825f38ca6c,0.6905574516496018
n35ac95c59208bc9,0.32480091012514223
n35b4b66b4ffa58f,0.7271046643913538
n35b9f5c6cd2dc58,0.23947667804323094
n35c1f85fc9006c9,0.2431740614334471
n35c364a53e8fbb8,0.357650739476678
n35c6e52c7197c95,0.4096985210466439
n35d29c5885dce61,0.47994880546075086
n35dcda003040f30,0.6360921501706485
n35e18b472cb7294,0.030147895335608646
n35e38f3ce5d0672,0.6656712172923777
n35ee6837c9c11bf,0.5452218430034129
n35ee8ccbd918f51,0.4662969283276451
n36072bae03847c7,0.3087315130830489
n3609d757b8bef3f,0.9736916951080774
n36296c0c9060cd7,0.36888509670079633
n363159306b6b158,0.6813139931740614
n36376b4ee00fc7d,0.7555460750853242
n363ae78960a1a6e,0.07963594994311718
n3648f6aa1272843,0.2583902161547213
n364ad553f72ce97,0.4088452787258248
n3651a501b3a5af1,0.29379977246871447
n3662a8281d83383,0.8189704209328783
n3663dede20c3b7f,0.15571672354948807
n3674b4fd1e67ac3,0.3075938566552901
n367acff713c4341,0.8533845278725825
n367cbacca06fcca,0.17036405005688282
n3686266e55a8453,0.5725255972696246
n3693f80c780e8f1,0.5385381114903299
n3696d0d0d64636a,0.23165529010238908
n36a4812958b2b7d,0.40344141069397044
n36c0c7d32e9f3b1,0.9179465301478953
n36c3158277c7f8b,0.19539249146757678
n36c3b18ffdec670,0.2262514220705347
n36cf99272389fae,0.27915244596131966
n36d334fb7013d74,0.7310864618885097
n36e3005f1498130,0.5389647326507395
n36ebb1df543a077,0.643202502844141
n36ef9d0cc3bf5a5,0.9108361774744027
n36f0aaa96a9789e,0.78839590443686
n36f6efacff96809,0.3149886234357224
n36f8a84397f5be3,0.3293515358361775
n36fcd41bb72e59c,0.017775881683731513
n3704cc8149b1cdf,0.45947098976109213
n3706ea85f11a27a,0.5425199089874858
n3710b5580a982ef,0.4281854379977247
n3713dd3fd4605a5,0.051763367463026164
n37144e5134c7da3,0.12741751990898748
n371b9b9f3dff70d,0.6831626848691695
n372266584f0623d,0.7976393629124005
n3723656bb75ec69,0.4314562002275313
n37239df1886a9bc,0.23151308304891924
n3726f61425c02ae,0.572098976109215
n373cc2043d59e03,0.42918088737201365
n373fe456747743d,0.07935153583617748
n374061f4e141934,0.008959044368600682
n374ad39bf956e63,0.004835039817974972
n374b172d60e10b1,0.7056313993174061
n374b6d5475182c5,0.13978953356086463
n375147fe2eb9e6f,0.016496018202502846
n3766478e0aaa23b,0.3869453924914676
n376ee0d2824921c,0.09982935153583618
n376f3c872bcc337,0.5969852104664392
n377d54f000c02d1,0.25924345847554037
n37831fa74383bae,0.12898179749715585
n378673cbf4c4962,0.3073094425483504
n37888d44c07c2de,0.46757679180887374
n37914223d77d2e6,0.18757110352673492
n379665adab8a050,0.4894766780432309
n379fa2b4734f0d8,0.39035836177474403
n37aa506fbecbb29,0.5897326507394767
n37abb1fae180d94,0.8125711035267349
n37ad111bde1ee67,0.860494880546075
n37c0e1a0bec76c5,0.1561433447098976
n37c96fcbbc87c70,0.9106939704209329
n37d01bbce81de5c,0.6437713310580204
n37dff0b545736e9,0.30986916951080773
n37fb3d72e5044a6,0.49658703071672355
n3800c729cf303ef,0.28996018202502843
n38050064f1aa3b2,0.2879692832764505
n3805b175ec1eb87,0.5224687144482366
n380f8de268b7fe5,0.0004266211604095563
n381050979dbc6b9,0.24146757679180889
n3814b3924d0197e,0.26023890784982934
n38176279233f178,0.6531569965870307
n3817c6e8769df0b,0.7069112627986348
n382fb192dbc1899,0.2511376564277588
n383557da979f363,0.6624004550625711
n383e6fa6c00aec3,0.29294653014789535
n38444e38361b406,0.5907281001137656
n38538ac77d0b227,0.48065984072810014
n38569f99fef52ae,0.7491467576791809
n385e7baea7814e6,0.2507110352673493
n3888e1fe945e0d2,0.5574516496018203
n3897f792750e2b3,0.7261092150170648
n389ed47b5e25805,0.9496587030716723
n389ff5c34e0a56f,0.4691410693970421
n38a5dfc8e6257e6,0.42619453924914674
n38afb3b3faf7da6,0.19425483503981797
n38cfac466b5bde0,0.9182309442548351
n38d11ffd5206cf2,0.3640500568828214
n38d25a9bea500d4,0.558589306029579
n38d2afe40afdf45,0.8171217292377702
n38d8cee3463494b,0.14178043230944254
n38db0d7cf38b93e,0.02858361774744027
n38edd5eb9a266be,0.047070534698521044
n38f6908cc3e115a,0.9446814562002275
n38ff8c7ef737854,0.7992036405005688
n3902922fbe6c84f,0.8093003412969283
n390bbd0922b6aea,0.026734926052332197
n391d668152c584d,0.15301478953356087
n391ebe1af34c036,0.46828782707622296
n3939c44bd11d16c,0.2677758816837315
n394dfc25a147e9c,0.4840728100113766
n3951d0576cbc948,0.12955062571103526
n396d176b972d129,0.8767064846416383
n39832f3f595dc4d,0.6825938566552902
n39840a2b4951185,0.005546075085324232
n3994e8a60b0af60,0.9281854379977247
n39960d761e8b022,0.7391922639362912
n399a43e982aa0ae,0.4857792946530148
n39a910aaf28851f,0.856655290102389
n39adae852346966,0.18515358361774745
n39bd1cf2ed216d7,0.4391353811149033
n39c046d3c814333,0.005119453924914676
n39d0a10527e3adb,0.9020193401592719
n39e1eca769c942b,0.5765073947667805
n39e3b273a606790,0.7472980659840728
n39eaa46e4030ff1,0.5783560864618885
n39f191edf726f12,0.6496018202502845
n39f577e58f04c18,0.11618316268486917
n3a167e81aa6a38c,0.9977246871444824
n3a1b44870f6cf07,0.22824232081911264
n3a1df8f516b7f4a,0.18444254835039817
n3a240d26c81d5d3,0.7784414106939704
n3a392ae50e01b8a,0.6523037542662116
n3a3b2248fc55ef8,0.7864050056882821
n3a4254cbffbb86d,0.3043230944254835
n3a55983b1caa957,0.1665244596131968
n3a58a1727c44dc5,0.35708191126279865
n3a5e6c9f4edb43a,0.65386803185438
n3a6145a0632d77f,0.12926621160409557
n3a619978bf09f46,0.18700227531285551
n3a6869bf7216530,0.6666666666666666
n3a6ca99bebe1d18,0.22198521046643913
n3a75d7b016e845a,0.9718430034129693
n3a7b13b26df0625,0.21160409556313994
n3a8677b7bf06684,0.26251422070534697
n3a89a2e80eb9a49,0.05005688282138794
n3a89a40aa698b61,0.21658134243458477
n3a9091396f29128,0.8708759954493743
n3a9196c7fea728c,0.896188850967008
n3a95bde0e29d487,0.25526166097838454
n3ad26362eaf3af3,0.18686006825938567
n3ad314562d51d44,0.472127417519909
n3b0b253f1e220d9,0.7450227531285551
n3b1026cf66193a7,0.10964163822525597
n3b1ab11794001fb,0.710608646188851
n3b2aaccc051b902,0.021757679180887373
n3b40747b9d35e2e,0.8622013651877133
n3b42fee38ba0912,0.7780147895335608
n3b4333890dc9fd3,0.36860068259385664
n3b4444e798603be,0.25199089874857794
n3b4f32905b405f8,0.3348976109215017
n3b557107909e88c,0.080773606370876
n3b560f025313c76,0.1858646188850967
n3b5dc931ab8c01f,0.1831626848691695
n3b5eb69b8b374db,0.36902730375426623
n3b674dcf86559f8,0.1018202502844141
n3b6e316a9ff898c,0.014362912400455062
n3b710a1ec72cd60,0.6700796359499431
n3b7cdcedabbb514,0.31541524459613196
n3b8161ef3fec65a,0.2609499431171786
n3b880ab4299c574,0.6908418657565415
n3b99b994f4b2e82,0.3206769055745165
n3b9af3b5105bed8,0.5952787258248009
n3b9ccf590f5c90d,0.6882821387940842
n3b9df2074f2e57c,0.9505119453924915
n3b9f0cf6b2d38aa,0.6305460750853242
n3ba684960a554c6,0.38054607508532423
n3ba9e6f7076f48c,0.7485779294653014
n3bdda25ee9b7350,0.3021899886234357
n3beae960ce366a8,0.18074516496018203
n3bece289fb7a303,0.42093287827076226
n3bf525fe8581953,0.6227246871444824
n3bf7f131da07cec,0.16823094425483504
n3bfb87632ad346e,0.0011376564277588168
n3c14732885b0c4f,0.8270762229806599
n3c212d5bee379dd,0.5443686006825939
n3c3780f8d9be4e0,0.4290386803185438
n3c4e083431e59af,0.8950511945392492
n3c689d327009df2,0.8556598407281001
n3c75d41df7bea92,0.22795790671217292
n3c7fad984fbd2ab,0.6322525597269625
n3c8076efd35f1f2,0.0985494880546075
n3c872af6249786d,0.2535551763367463
n3c968b78bc5282d,0.5236063708759955
n3ca62dfcd6cf19b,0.5260238907849829
n3cae3460f7e253d,0.6837315130830489
n3caef803e624795,0.9765358361774744
n3cb6ee31c7d88b7,0.787542662116041
n3cbf0adb531ae56,0.6669510807736063
n3cc742084752c8a,0.017349260523321957
n3cd0227e54d0a30,0.7054891922639362
n3cd68eaeab6d452,0.11049488054607509
n3cda1d209247232,0.698094425483504
n3ce1335ab52c014,0.8476962457337884
n3ce1e018c20c3cb,0.6892775881683731
n3ce3e5c06af9ec7,0.5507679180887372
n3d0ae9a3842ad5a,0.6113481228668942
n3d0d5c417e59e68,0.747155858930603
n3d0f6279f93700e,0.690415244596132
n3d1bde51e157521,0.7640784982935154
n3d326741078b433,0.6833048919226393
n3d3cdd4a1bf1fef,0.9943117178612059
n3d3e07345792a76,0.08631968145620023
n3d4700ab5b0cde8,0.3821103526734926
n3d4cef252d6dd7c,0.2808589306029579
n3d7ea1a83d9a23d,0.08091581342434585
n3da759936aac40d,0.924061433447099
n3dbc1f641b7a8d0,0.7293799772468714
n3dbceb04edf26e7,0.45207622298065986
n3dc951324f8560e,0.13794084186575653
n3ddad89c7fb966e,0.25967007963594996
n3ddc8fb83cf2275,0.3212457337883959
n3dde39c384fdf17,0.37073378839590443
n3df55d57a8024eb,0.5726678043230944
n3df7756c64b16c4,0.8926336746302617
n3e01dda54d24624,0.8263651877133106
n3e0944d9d3e8c83,0.2363481228668942
n3e0bf68a1ae6430,0.8883674630261661
n3e3a14075be43dc,0.6414960182025028
n3e3bbcf560ac647,0.4674345847554039
n3e3f9cfd1a6c6ce,0.2800056882821388
n3e4187b238dcfcc,0.6585608646188851
n3e421c0f5852ed1,0.6011092150170648
n3e4756eef224594,0.9677189988623436
n3e596f2ccfefdc1,0.1449089874857793
n3e59c3a800bfec0,0.030716723549488054
n3e623f634c16930,0.6651023890784983
n3e6e466f9915c42,0.8316268486916951
n3e7502df734fa04,0.9941695108077361
n3e76a11f90d62af,0.2838452787258248
n3e857a9e4d21603,0.8312002275312855
n3e8dc5ae893ace0,0.13922070534698522
n3eb11febca37f57,0.4738339021615472
n3eb3796428d0764,0.7167235494880546
n3ebc91636808a02,0.46060864618885095
n3ebf0bc9cef7575,0.5674061433447098
n3ed775cc78153c3,0.9466723549488054
n3eec45f12d7c0c6,0.49445392491467577
n3ef2082d37535f9,0.9385665529010239
n3ef231c3900dbdd,0.13680318543799772
n3efb4434eef56d0,0.32081911262798635
n3f06873a2d9637a,0.7723265073947668
n3f19ccdd13c5fda,0.5223265073947668
n3f1f00f7f6556f6,0.5708191126279863
n3f254a3be8c11eb,0.9007394766780432
n3f2c180545158db,0.9132536973833902
n3f322282e4f2a64,0.5160693970420933
n3f323314049f934,0.6308304891922639
n3f4368fa06e33e2,0.06342434584755403
n3f57987265faf51,0.874004550625711
n3f66f1d4ef1282f,0.27986348122866894
n3f70270af38433f,0.323094425483504
n3f795560c836053,0.2502844141069397
n3f843bde2d68bd6,0.12699089874857794
n3f883f8a87b76b6,0.7636518771331058
n3f947f28c6bf288,0.05233219567690557
n3fa6c98bc23a065,0.14718430034129693
n3fbc7f8d78e0289,0.44183731513083047
n3fbe80c0a93fa4c,0.781712172923777
n3fc2d06ffbdf2eb,0.6279863481228669
n3fd14d3ad403665,0.6072241183162684
n3feb2d329dbfbb4,0.22098976109215018
n3ffc5c676e41311,0.5432309442548351
n400746723c84c35,0.877844141069397
n40220dd9a20739e,0.5688282138794084
n40226b7086e5843,0.5878839590443686
n40270102b3a5693,0.7849829351535836
n40295db9068311e,0.3572241183162685
n40325c3faa88b74,0.39533560864618883
n4033128c85316a7,0.587457337883959
n40420c2c924e2ce,0.4173777019340159
n40537b765fafad6,0.5410978384527872
n4064c74729d331a,0.25995449374288965
n406a657ebf13ea3,0.06669510807736063
n407572e01919ce0,0.1386518771331058
n407a26b2b2008ee,0.29081342434584756
n408be9852e6557c,0.3152730375426621
n408f354f665075c,0.29877701934015927
n40903e116079e20,0.698947667804323
n40963eccf063438,0.5361205915813424
n4098d6d9c9a9320,0.24303185437997724
n40a6ebdcd624ea7,0.8522468714448237
n40bc130c7cf61b0,0.7561149032992036
n40beedc6f3c20f0,0.4485210466439135
n40c52952b108921,0.05802047781569966
n40c8dd9cd2822df,0.17349260523321958
n40c9d730bd48187,0.7226962457337884
n40cecbec0868b00,0.10054038680318544
n40e551aa2868f11,0.8815415244596132
n41127ebaab5d0fb,0.30531854379977247
n411a8615e97820f,0.02417519908987486
n411ab3c231df10e,0.8339021615472128
n412fd764273ef11,0.9647326507394767
n413066ff356ef75,0.3775597269624573
n41355a75d24f995,0.3613481228668942
n413589bf00a8d63,0.4250568828213879
n413b529e3c445fc,0.9199374288964732
n413e198accec70d,0.26137656427758815
n4161833f3163499,0.6707906712172924
n41641188bd67927,0.43430034129692835
n41788c3274653b8,0.6306882821387941
n418a8dac9018c22,0.6918373151308305
n419634ac0a7cc01,0.8804038680318543
n41968eb34309438,0.6659556313993175
n419bd731a77c90e,0.5263083048919226
n41a727545961b16,0.5233219567690558
n41a7ab819baaed6,0.0947098976109215
n41ae4c23d82b023,0.11191695108077361
n41b2536fd51dc74,0.46274175199089873
n41b545c8c44ec9f,0.09741183162684869
n41bbdada3039866,0.7189988623435722
n41cbe3030d094d0,0.8583617747440273
n41e11a34e63233a,0.2945108077360637
n41e2c0cc40cf125,0.4325938566552901
n41e94c709de4526,0.6642491467576792
n4208c136dafd246,0.5638509670079636
n42115bd8383cef5,0.22696245733788395
n4238a3b76b6ad99,0.6736348122866894
n4238fc0891dbd87,0.9434015927189988
n423e80f1155c56d,0.33674630261660976
n42486c5ced211de,0.021188850967007962
n4248f2c9e459795,0.3905005688282139
n4249c8c3658da4e,0.28754266211604096
n42539346dce65d5,0.9482366325369739
n4266e78030b6849,0.1820250284414107
n426f5c62b4588c3,0.9341581342434585
n42700446eb4f619,0.012940841865756541
n4285111d34ee1b5,0.9411262798634812
n4289f01311e1cd8,0.7892491467576792
n428c30e24f75053,0.43387372013651876
n42a0250952b5893,0.041808873720136516
n42a43eb7236f73f,0.5864618885096701
n42a49cb072fc7c9,0.8485494880546075
n42c0efa218311ad,0.9749715585893061
n42c3ffbd9751db4,0.7168657565415245
n42c68b0a7c34d50,0.17263936291240045
n42c95e6e1032fad,0.3782707622298066
n42d268b1e5ba389,0.03142775881683731
n42e20e1d746333a,0.8452787258248009
n42e2e258f1ff4fd,0.2158703071672355
n42e72ad3c03a34f,0.9772468714448237
n430bff5ff375fff,0.5786405005688282
n4316e4156061589,0.4478100113765643
n4320aa66b766439,0.6217292377701934
n43279bf456793fc,0.6082195676905574
n432a79b25ffbb44,0.9825085324232082
n432e596c8fb5f4b,0.9803754266211604
n433189e03139927,0.9539249146757679
n4336a713b43bc5c,0.8562286689419796
n4345ff235e194c1,0.1552901023890785
n4353c573c4e0753,0.643344709897611
n436ce6f119edb84,0.12158703071672355
n4371fc557c35231,0.7551194539249146
n43740777ee1191c,0.46075085324232085
n437e05ced9180d6,0.6063708759954494
n4384d4799c3ea72,0.995164960182025
n43862123ae4da60,0.04692832764505119
n439f681834fcf95,0.338452787258248
n43a106b9c9811fa,0.6328213879408419
n43a2cdb52b11d96,0.2666382252559727
n43a65e7be93cc31,0.46715017064846415
n43a8bdc964b6712,0.8324800910125142
n43aa90c38fd7e1c,0.5413822525597269
n43b9fa7ce5bd381,0.8148464163822525
n43c02f45b4a10f6,0.17093287827076223
n43c5e69b0089544,0.43714448236632536
n43c6a7ee69037fc,0.60580204778157
n43cc2138b517646,0.8853811149032992
n43cd5f2ea77f44b,0.10494880546075085
n43d08a06c23ac63,0.4906143344709898
n43da3a0e4d43626,0.7536973833902162
n43dfe6f670da82f,0.4085608646188851
n43ea2988c7f3c2c,0.3594994311717861
n43ef99a8d15d5ea,0.40187713310580203
n43f6cd234623012,0.4166666666666667
n43f88aec731d5d8,0.005688282138794084
n440887d3d63b6d1,0.45164960182025027
n44155e6ee06db78,0.06541524459613197
n441681659171200,0.5132252559726962
n4417cf7f8577dad,0.16439135381114903
n44298462cadd554,0.9429749715585893
n442d1488aa8f8d0,0.947098976109215
n443424ee0074735,0.642349260523322
n443cc0a35f10725,0.960608646188851
n443e171adf3bcf5,0.6466154721274175
n443f18fb9a5df7f,0.10821956769055745
n44447d09952da61,0.09670079635949944
n4451feca56b2b49,0.32992036405005687
n4458659d24fb1f5,0.06157565415244596
n445aed8ce4e0b0c,0.6534414106939704
n445c4572c79a2d7,0.3862343572241183
n445e03b1c428db8,0.5915813424345847
n4465dd8888c1f67,0.010665529010238909
n4467a9a2aa9f122,0.7228384527872582
n446ec880f74e6ae,0.5513367463026166
n447dd8be42bf165,0.3515358361774744
n4481332e3c33e86,0.8481228668941979
n4488515a5f6a92f,0.42150170648464164
n448ba22eb6bcc92,0.8478384527872582
n44957f5df38013d,0.9550625711035268
n44a430fc529c674,0.2949374288964733
n44a8233238c88ce,0.08290671217292378
n44c39f0b33f80c8,0.10537542662116041
n44c46b2632a0e0c,0.32380546075085326
n44c7d99e6bdd4d5,0.058304891922639365
n44d0d8711b0b10b,0.5298634812286689
n44d76f08339f20c,0.43245164960182025
n44e7c45c63c2acf,0.5611490329920364
n44eb7ca6ac8a96e,0.009243458475540386
n44edf82892d0e54,0.37187144482366324
n4511eddb420c298,0.10978384527872583
n4512ad9744a116a,0.9243458475540387
n4516b64673d5424,0.18188282138794085
n4519fa271d3b855,0.1015358361774744
n451ae7fdab22c9a,0.10608646188850968
n45203a9c461a900,0.6636803185437997
n4521f4da9fa90f8,0.09911831626848691
n452212e0aec4f2b,0.6798919226393629
n452355f418fcec2,0.19908987485779295
n4530df11adb59c2,0.3695961319681456
n453c8c6184310ab,0.8457053469852105
n454d379699117e7,0.7919510807736063
n454d88e34f05a04,0.40628555176336745
n454dfccce274ce2,0.7127417519908987
n454e68e5995a7cd,0.358646188850967
n4553395deb94eba,0.863481228668942
n45548a8acae2388,0.09869169510807736
n456998e456ed8c5,0.6602673492605233
n4577b143e019355,0.043373151308304894
n457c5047d6e55a2,0.2775881683731513
n45998ab3140aa64,0.7930887372013652
n45a15eedbccd9f4,0.0439419795221843
n45a8b4b52c27338,0.11888509670079636
n45ae2155e6f1625,0.34072810011376564
n45ae4249f145db2,0.38353242320819114
n45ae733a7c51e1d,0.9721274175199089
n45b29f0cbddfa6e,0.2366325369738339
n45c54eb706d0647,0.7953640500568828
n45d0acdf3b69592,0.06242889647326507
n45d44eafbdde1ea,0.14334470989761092
n45db3c3c515e21a,0.06996587030716724
n45ea293bbaa4101,0.824089874857793
n45fbc0743cea5d0,0.2224118316268487
n460f7f1ae3925b3,0.6729237770193401
n4619b5c6c927dc0,0.8691695108077361
n462289d170a4fa6,0.16424914675767918
n46239f8209d72ad,0.3354664391353811
n4629377aa880d99,0.502844141069397
n462cc12100fae91,0.9365756541524459
n46404dc8bcfafcf,0.879835039817975
n4643c3079845bbe,0.8929180887372014
n4656289b527e63b,0.6119169510807736
n46584487950e428,0.6878555176336746
n4663449ce94f245,0.6912684869169511
n466693da095ac08,0.5172070534698521
n467108fc6c05355,0.05858930602957907
n46750fd0c540fc0,0.5069681456200228
n4675fdc7cf6cce6,0.6318259385665529
n4676d841eb0caf8,0.10437997724687144
n467b0c2bc51ce69,0.5177758816837316
n467bf326035e174,0.34399886234357224
n468518d525ae9ed,0.6985210466439136
n46973baea95f10a,0.41026734926052333
n46979ad16477ea2,0.04735494880546075
n46a08dc8f3ebb5e,0.8914960182025028
n46b098c0a55b520,0.11774744027303755
n46cab4d5c8419d9,0.42050625711035267
n46cb80d0a68aa98,0.5098122866894198
n46e486a439ab2a9,0.814419795221843
n46f406de2091daa,0.8350398179749715
n46f7476d692821f,0.36831626848691695
n47179bf00faebd0,0.3138509670079636
n471fd792a4215de,0.5728100113765643
n4721a24a6023415,0.08048919226393629
n472e9cdc94905c9,0.38850967007963594
n474825add887dfd,0.4402730375426621
n474deb626d45ee2,0.16197383390216155
n475106a03096ebf,0.7811433447098977
n4758665fb2b625a,0.9443970420932878
n47598ae7e7c6897,0.656712172923777
n477241aac83ff56,0.45918657565415244
n4778ae444a4d874,0.2781569965870307
n47792a0f5529fea,0.22852673492605233
n4785645dd908016,0.18671786120591582
n47858b971ea1c93,0.48748577929465303
n4798d7bc9e72786,0.1350967007963595
n479bd77cf0c296d,0.2090443686006826
n47beddaea6d1508,0.39590443686006827
n47d5f4d769ce7ee,0.15656996587030717
n47eb186bd2cd06e,0.21814562002275312
n47ef9862af68b22,0.1525881683731513
n47f4cf3bc51f4cd,0.6906996587030717
n47fa1b7e5be8a0d,0.7218430034129693
n480848501045195,0.34371444823663255
n4809cfe1c11dce4,0.6443401592718999
n480d6e6195d6397,0.26393629124004553
n480ec48d94cb9d9,0.6141922639362912
n4816648651e1c1c,0.49516496018202505
n481d3b613d9d8b3,0.6191695108077361
n481f93f4ca276ff,0.9837883959044369
n482c84813e36ec9,0.38381683731513083
n483d0ec3d529c19,0.1929749715585893
n483e59267f50171,0.38964732650739475
n4843b95451594d0,0.6220136518771331
n4843c38945e9495,0.3083048919226394
n4853e6f2d3cc3b5,0.6023890784982935
n485c2d60985a6be,0.6122013651877133
n486760e8911064e,0.21245733788395904
n48769af91f22371,0.6966723549488054
n487b903d3c06b97,0.6777588168373151
n487dab712244eff,0.6868600682593856
n4886c0b1b6c1da6,0.06313993174061433
n48b954c9eee62a9,0.7443117178612059
n48bd7d68910bead,0.6955346985210467
n48c1785240fa39b,0.4539249146757679
n48ce45b17fe1af0,0.4124004550625711
n48ce65193898838,0.2837030716723549
n48d4cdea61c689b,0.9972980659840728
n49012c28e9eb727,0.46572810011376564
n49059486252d783,0.4232081911262799
n4909e1966a23758,0.5543230944254836
n490c9625d743166,0.4593287827076223
n490ccbba0da710e,0.8644766780432309
n491d7fab540c290,0.7764505119453925
n49262686cf287b2,0.014505119453924915
n49298425ecab14e,0.8201080773606371
n493bc614fe0b344,0.6773321956769056
n4942dc71eb45484,0.8695961319681457
n49458d57ddc417d,0.2256825938566553
n49486d6b87e2597,0.8714448236632537
n494a34bb9224839,0.40898748577929467
n495953fd666729e,0.7470136518771331
n49761f391c99535,0.06527303754266212
n49878f9f4065a20,0.28967576791808874
n498a6619977c054,0.6749146757679181
n49946b69581f07b,0.46515927189988626
n499d0fab0d67d1a,0.7145904436860068
n49a0dc53e98611e,0.878839590443686
n49a1382e9721df5,0.36717861205915814
n49a96221ae33bf9,0.02161547212741752
n49afb522402a4d0,0.17861205915813425
n49cc026364fa99a,0.059869169510807736
n49ccd3f8503dfe7,0.9183731513083049
n49ce51c447fb400,0.8279294653014789
n49d31c4acfd77d1,0.5686860068259386
n49da03c1463a5e9,0.7848407281001137
n49db69cd4113543,0.2728953356086462
n49de9f3bbb5e19a,0.4112627986348123
n49ed50cc787aae2,0.07878270762229807
n49fe42e462ed332,0.11988054607508532
n4a12a0a640d84bc,0.9931740614334471
n4a14b93951a42e9,0.16097838452787258
n4a1503bd3df3716,0.03654721274175199
n4a1630e320f68d0,0.46658134243458477
n4a1810f0e712d05,0.0608646188850967
n4a1c5507c2f03b8,0.3282138794084187
n4a232bb6fdfae58,0.33205346985210465
n4a2ce6c0f62ce6e,0.12258248009101251
n4a319e2b29df548,0.0063993174061433445
n4a39972bddb3ccd,0.3890784982935154
n4a4164c9ff25575,0.1422070534698521
n4a58748fd1cc26d,0.0979806598407281
n4a58d8d977e532a,0.4863481228668942
n4a5d2c209a4bcfd,0.24601820250284415
n4a68f65f81e5109,0.25156427758816835
n4a749eb6ebbd3b8,0.5965585893060296
n4a7725ecaf00b97,0.3506825938566553
n4a7a57fa543e59c,0.22937997724687145
n4a900976b67ba53,0.9186575654152446
n4a909d8dc23a2df,0.5089590443686007
n4a9b2f6a680d7e5,0.11632536973833903
n4aa44a76459b389,0.128839590443686
n4aaf22aa0fa6639,0.7949374288964732
n4abb1c4efda4bf2,0.6036689419795221
n4ac16d79d6382e9,0.6180318543799772
n4addb924027d9d6,0.07181456200227532
n4afc4fd07e395c5,0.4587599544937429
n4b0977ac8a8208c,0.5614334470989761
n4b1464f64b01179,0.5297212741751991
n4b1a8755294adec,0.17918088737201365
n4b29cffeebbdad4,0.2680602957906712
n4b3727ef7d68a0a,0.29977246871444824
n4b42e97f1be8a91,0.14291808873720135
n4b4847160f40855,0.5988339021615472
n4b4a9f4241cf842,0.07565415244596133
n4b4ac0089b34a2b,0.7239761092150171
n4b4d8d3e66151d8,0.4920364050056883
n4b5d77b2caa0602,0.7563993174061433
n4b647005bb0af85,0.2623720136518771
n4b6ca69658e6534,0.9054323094425484
n4b7b70455e5f70b,0.22056313993174062
n4b8f34549f6a019,0.24815130830489193
n4b9103c880fa81d,0.5366894197952219
n4b92d1c814d8798,0.5408134243458476
n4b994bd92a13eb4,0.051905574516496016
n4ba46a62ffc0206,0.35381114903299204
n4bb55aa31bdd9ee,0.40059726962457337
n4bbf4e10deaeee5,0.10622866894197952
n4bc32968a80a9e7,0.4503697383390216
n4bc7900027d09c4,0.057593856655290106
n4bc8cdbca693075,0.5250284414106939
n4bc9dead74f9f67,0.246160409556314
n4bcdd3298c6848e,0.609641638225256
n4bd43155c1534b1,0.7339306029579067
n4beea956ad07aab,0.11703640500568828
n4bef69cd4e13a79,0.009527872582480092
n4bf4c3bcb570a67,0.8273606370875995
n4bfe34915eb3141,0.9476678043230944
n4c01cadd1213e93,0.08319112627986348
n4c0acaba0d8198d,0.0029863481228668944
n4c0f6e8542a406c,0.46899886234357224
n4c0face275f5957,0.09627417519908987
n4c1d1fb1a1a15de,0.7731797497155859
n4c1de686eb2b893,0.876848691695108
n4c2488fc0b59cf4,0.6254266211604096
n4c3e2a675a3c0d4,0.4007394766780432
n4c4569c01af598a,0.4943117178612059
n4c616f116a84d09,0.5584470989761092
n4c8381bdace7a97,0.7612343572241184
n4c861923a62759e,0.6464732650739476
n4c8d953e45b6ffa,0.8162684869169511
n4c8d9f548b87a3d,0.3050341296928328
n4c8ef323f420d4e,0.6743458475540387
n4c9d79109883c2d,0.0008532423208191126
n4ca3adbccbeef5e,0.4664391353811149
n4cb6cba57c808e7,0.8966154721274175
n4cbe419fae2acee,0.45093856655290104
n4ccb894f6b05407,0.580773606370876
n4ccd3b11d11a4dc,0.7207053469852105
n4cf4a9f049c27be,0.2977815699658703
n4cfd85dec56d7dc,0.5536120591581343
n4d1cd407856f59a,0.5133674630261661
n4d28c5758e433cb,0.43927758816837315
n4d2ac30ba2d825a,0.4601820250284414
n4d35be0bf0a8acd,0.9835039817974972
n4d4f59151e16508,0.5944254835039818
n4d512c5a2c8351a,0.7874004550625711
n4d594ea42812525,0.022042093287827077
n4d5cc28c50edc41,0.2030716723549488
n4d617da2708938f,0.07423208191126279
n4d6a64ab45ec745,0.447098976109215
n4d731bde45a70a0,0.43899317406143346
n4d87ebb0f13ea79,0.2687713310580205
n4d8b21edf0e107e,0.03270762229806599
n4d8cd0856865c70,0.253839590443686
n4d9b6a9946bae48,0.8292093287827076
n4d9d0aaeebde9b5,0.3430034129692833
n4dad2522a75b59e,0.3978953356086462
n4dbf399c36c7437,0.6899886234357224
n4dd62b2538111d3,0.03199658703071672
n4df32cb45b41132,0.3108646188850967
n4df9da25f330647,0.3681740614334471
n4dff62f394d4d3c,0.7922354948805461
n4e061954c0d20a3,0.12684869169510807
n4e11c42bd4904c8,0.8751422070534699
n4e160ba0bdaafc0,0.9011660978384528
n4e2ad67a0a10713,0.6335324232081911
n4e3a74a68be74c5,0.7248293515358362
n4e5303c5f10b690,0.44468145620022753
n4e5578b8779fc05,0.15216154721274175
n4e5b0b68caa06d9,0.4948805460750853
n4e624c553aaabca,0.0840443686006826
n4e67b2e41927592,0.7427474402730375
n4e783a0a609e66d,0.4536405005688282
n4e7b73a10a27d6d,0.1282707622298066
n4e8403def67f362,0.026592718998862345
n4e8c0c02cf9d3b0,0.3441410693970421
n4e8fbdfd5d1d702,0.2562571103526735
n4e9a34f782528fe,0.9270477815699659
n4ea6af5e25bb548,0.6453356086461889
n4eae4d63eee4c52,0.22468714448236632
n4eb68e51fed919b,0.9732650739476678
n4ebdf90be87e081,0.8198236632536974
n4ec0a93d1faa8fb,0.12087599544937429
n4ee12466646eeb0,0.9970136518771331
n4ef983ab9b81d07,0.4554891922639363
n4f180e15a1bd6be,0.4955915813424346
n4f1b052372a19e3,0.49729806598407283
n4f1ce421d4cee80,0.22639362912400454
n4f3e3b7be9072d2,0.9866325369738339
n4f41b01909e9202,0.4075654152445961
n4f55fd7b7b54f12,0.14689988623435724
n4f63c23eab675e5,0.5271615472127418
n4f699abff7ad61c,0.7296643913538111
n4f6b9b8ff1c8287,0.7171501706484642
n4f6c0cfe289d982,0.052758816837315134
n4f77336e101dc52,0.7017918088737202
n4f7a0fb66ce4447,0.8825369738339022
n4f7dc6a3974f1d3,0.5890216154721274
n4f8169ec98687a6,0.12841296928327645
n4f87aadfdbcf904,0.9554891922639362
n4f8d20fe42f63ba,0.6568543799772468
n4f92605668d2073,0.5078213879408419
n4f932bd55cdb201,0.1304038680318544
n4f9362a3d30c012,0.7111774744027304
n4f97f4155337db2,0.5435153583617748
n4f985ab77ad3668,0.347127417519909
n4f9bee04672873e,0.45022753128555176
n4f9d3d812b193e1,0.54806598407281
n4fad70202019eee,0.9623151308304891
n4fb30db6b57e079,0.732650739476678
n4fb7b2a0cf3269a,0.40244596131968147
n4fc5f65bf90a47d,0.23905005688282138
n4fc9b7e8da6f008,0.04863481228668942
n4fdbef7dcebb72f,0.19610352673492606
n4fe3f7f26c16e49,0.4159556313993174
n4ff074560066207,0.7595278725824801
n4ff0e0d36891739,0.9859215017064846
n4ff32235ce25b5d,0.27630830489192265
n500e0d9eaa214f7,0.7973549488054608
n50129a36c350ef8,0.03725824800910125
n501b917359db319,0.1618316268486917
n50298c97426689f,0.3188282138794084
n503f6362bf34c38,0.06484641638225255
n50444b3bee557e1,0.21473265073947667
n504db510dab720b,0.5851820250284414
n504e08f8a72ef6a,0.1626848691695108
n504ff38d4e4107e,0.15841865756541523
n50504dd7a7ab7c4,0.8839590443686007
n505426526e92515,0.5251706484641638
n506e945903e8e29,0.7690557451649602
n5072c1b0e37a7a2,0.5996871444823664
n50754d1f25f52a7,0.9771046643913538
n5075fa951b76017,0.6810295790671217
n508f621d2dd84d0,0.38523890784982934
n50957befaa0bb20,0.7215585893060296
n50ac4c0e0dbe209,0.233646188850967
n50bbcccf03773b8,0.7410409556313993
n50c178e3d2b30ed,0.9408418657565415
n50c7c8bf63e781a,0.8020477815699659
n50cd6a21713b331,0.06299772468714449
n50ea1e74e60c842,0.1402161547212742
n50fef2c1141667c,0.05816268486916951
n51017cfd9bdd6d3,0.5806313993174061
n510b1181660ef85,0.017207053469852105
n5111ae2d038ff86,0.8159840728100114
n511aae0f89d4e5a,0.2967861205915813
n5120606c8343ecd,0.8838168373151308
n513a9fc606d5a32,0.11419226393629124
n513de87f171c5e6,0.415386803185438
n513ed02620c12f7,0.2175767918088737
n514968d67bd53c2,0.0237485779294653
n51496d2bd080801,0.25668373151308305
n51580de77cb4ac8,0.34328782707622296
n516ac964ebb7488,0.22710466439135382
n516ce57ffc91c9c,0.6988054607508533
n5180201a13f7f3b,0.7947952218430034
n5180e4548b6b0dc,0.24032992036405007
n5182f12fae38857,0.6604095563139932
n518c7700b06b1cc,0.6791808873720137
n51a64b89412ccc8,0.8957622298065984
n51bf527404dcecd,0.5199089874857793
n51d2b2fcb18f9fd,0.6584186575654153
n51d9177d2f2521e,0.5019908987485779
n51e02f05c4e8087,0.24900455062571103
n51e2b81b47fe3e0,0.032565415244596135
n51f0d53cd995e91,0.8779863481228669
n51fcc9fa6f9579d,0.9650170648464164
n51fe5f4d302e4ae,0.4412684869169511
n520935d6563db1e,0.7812855517633674
n520ce44323005de,0.857650739476678
n521a12ba6949cc9,0.09584755403868032
n522d2e9a0bde728,0.5445108077360638
n5245449a5ce18fe,0.520193401592719
n524d8f7c0c97d4f,0.5483503981797497
n5260e99f44ad0c2,0.35224687144482364
n5262553e2e6ccbc,0.3714448236632537
n5263e7e4ec87e22,0.9330204778156996
n5267da07234be26,0.22724687144482367
n526ced5f34b9470,0.44197952218430037
n5270873dfad6339,0.3970420932878271
n5287b29895beb80,0.6422070534698521
n5290c513b602c48,0.6087883959044369
n52a20929ec338a7,0.8531001137656428
n52a7b82ce53fae7,0.7736063708759955
n52ac0061d5ad21f,0.09399886234357224
n52ac3695433158f,0.49630261660978386
n52b2b1ab4bf6c26,0.5196245733788396
n52b5ed6479130f8,0.6790386803185438
n52b709345164520,0.9253412969283277
n52bf1c9c1ad4ad6,0.21060864618885097
n52dcc163ba4edff,0.27659271899886234
n52e1ff64eae4696,0.6858646188850968
n52fa4d2c5f50a75,0.11717861205915814
n52fe4e33ea1bc4a,0.7121729237770194
n5302fe24979db08,0.44695676905574516
n53064aded389897,0.16638225255972697
n5306e7199a9492d,0.5486348122866894
n531011d64ecbc62,0.886518771331058
n53192fca827254a,0.6025312855517634
n53217f21d4d083d,0.12059158134243458
n5322765c5024373,0.09883390216154721
n5335a05f0197167,0.40955631399317405
n53449f9ba974b8c,0.9761092150170648
n53546d5d1db3837,0.4866325369738339
n535d7b7b41f9bb4,0.04251990898748578
n5360beac10e9826,0.8482650739476678
n5364f904c0f430b,0.1181740614334471
n5375083e7c71e4b,0.5244596131968146
n5375364f9555169,0.5247440273037542
n53812c0018b5eb9,0.01080773606370876
n538343abb7f03c0,0.09215017064846416
n5385b0706ec9480,0.488481228668942
n53a4d1230b1ad75,0.08205346985210467
n53a8398d2926bce,0.5762229806598407
n53bf69798892de4,0.7289533560864618
n53c0a39da32ee04,0.83660409556314
n53c75ca07901d57,0.08262229806598408
n53c79af33b693c5,0.8317690557451649
n53ceac2d7a698b3,0.661547212741752
n53d2af7206b87a0,0.8128555176336746
n53eb953f8ae506a,0.27844141069397044
n53ed0b8822404f6,0.6440557451649602
n53feab53252c8d1,0.9392775881683731
n54010715f109ad7,0.8704493742889647
n542b7ecc6b09f6f,0.19411262798634812
n5434b2f91999ab0,0.18330489192263935
n543b4d24bfefc7d,0.3957622298065984
n543c3e2530865f8,0.10409556313993173
n5440b236a70aecd,0.5423777019340159
n544d79102cbb86b,0.5368316268486917
n545092507a9f174,0.6581342434584755
n5462783a134aa98,0.14320250284414107
n546e699313f6831,0.7935153583617748
n546e7ad5d8602fb,0.13879408418657566
n5470c0075a65d87,0.3304891922639363
n54780dc6764f238,0.011376564277588168
n5489a1136d4c721,0.9155290102389079
n549f4667617cb8b,0.04152445961319681
n54b367692834160,0.6474687144482366
n54b73500b9fb98c,0.8868031854379977
n54bd7e2514a5e6c,0.48677474402730375
n54c275e29b46665,0.14562002275312855
n54cb0c88cf05145,0.713452787258248
n54cf956882630af,0.29692832764505117
n54d1162ded83a74,0.9603242320819113
n54dd9e902ad3a08,0.39405574516496017
n54e229ebb0feb4f,0.959613196814562
n54e4d7dec0a1ec5,0.4637372013651877
n54e4e44f9e59b5a,0.5959897610921502
n54ead40dd5f4a4e,0.17079067121729238
n54f117a37687e25,0.5265927189988624
n54fc939f9d20aed,0.6551478953356087
n54fe692bfe6da70,0.35523321956769055
n54ff88a08487d67,0.39320250284414104
n5510e640000efd5,0.10878839590443685
n55123e0cd68cec0,0.8041808873720137
n55139a72ce340d6,0.9843572241183163
n551428d2f98a73d,0.10935722411831626
n551d786f5cb7b6b,0.9601820250284414
n552b1a36e04385a,0.9658703071672355
n5539076078215ba,0.47411831626848694
n554c1806be8e61f,0.1045221843003413
n5551df1aea72001,0.12485779294653014
n55606b25e3c2c0f,0.41936860068259385
n556d00d86e2700d,0.7507110352673493
n559acb370575d3e,0.9136803185437997
n55a2206b09a138d,0.9590443686006825
n55a5bcc5c827fea,0.9786689419795221
n55b1d09bfc6c02a,0.011945392491467578
n55ba9aed7f23726,0.09556313993174062
n55bdb34349d5b9a,0.024744027303754267
n55d29829d89824a,0.9058589306029579
n55d5f0c65804c46,0.6107792946530148
n55dc30090838f43,0.5372582480091013
n55e341cfd598851,0.19126848691695109
n55e7cd6933e72dd,0.07949374288964732
n55eb759dadef96a,0.6780432309442548
n55f028a3e8b44bf,0.161547212741752
n5606f4e94cdd8e4,0.7185722411831627
n560a8610a68698f,0.6299772468714449
n561ca9a6d6d4b28,0.09044368600682594
n561dc2e16b84e44,0.3993174061433447
n562c91ef7b76e3c,0.8735779294653014
n5631490800f164f,0.5588737201365188
n5641bb4bbd5dc1a,0.19937428896473264
n564ac94ef1ba193,0.8097269624573379
n564fc007e9ec5b6,0.4217861205915813
n565d3505a1f42ec,0.9004550625711035
n5663c01b49ec239,0.24658703071672355
n5666a4cacda7b8c,0.1621160409556314
n5667f336a252a74,0.7566837315130831
n566ff7f143121eb,0.5307167235494881
n56712203e6f342c,0.06498862343572241
n5671ef7215a7d09,0.3246587030716723
n56836e3937c3750,0.8499715585893061
n569736e305a7787,0.7148748577929466
n569d71664023be2,0.4320250284414107
n56a9b8149577e78,0.3832480091012514
n56b7e3c0ea79fe6,0.02033560864618885
n56ccb76f221e820,0.3641922639362912
n56cdfb1d7b9a012,0.9361490329920364
n56cf6100126b375,0.0038395904436860067
n56d0e658a4acf6f,0.3319112627986348
n56e27af77ae551a,0.21203071672354948
n56f42bcc5a0ad0b,0.023890784982935155
n56fa924aa94f435,0.9131114903299203
n5705c7562ba095f,0.8252275312855518
n571149a739ac544,0.8546643913538111
n5718ecc0f2eb4f3,0.9945961319681457
n57195d2f3dee481,0.4681456200227531
n57284e8009874b6,0.22383390216154722
n5730cd40f44b21a,0.27005119453924914
n5737fdac710b72e,0.6532992036405005
n574769f65a3d3dc,0.976962457337884
n57485918c0f2df7,0.29650170648464164
n574917ecb5f867a,0.36803185437997726
n576e90f26480ab9,0.806740614334471
n577318128473e0c,0.6938282138794084
n577b1d6723c0f5f,0.28939135381114905
n578010890d49931,0.4543515358361775
n578601e69e1466a,0.3452787258248009
n578f62db755f257,0.946103526734926
n579c9c08136fa75,0.7909556313993175
n57a53a0995cb8a4,0.8832480091012515
n57a61ccd3316270,0.5540386803185438
n57abf1555287524,0.9237770193401593
n57bcc561b03d4aa,0.2883959044368601
n57c6c45cd2bfc56,0.5204778156996587
n57ca8d25dbfa2bb,0.96160409556314
n57ccd9f6264abbe,0.8302047781569966
n57d7d150d6ec686,0.8064562002275313
n57d9c28b0e9b86e,0.015216154721274175
n57e2096ff92bd4e,0.3984641638225256
n57ea163b6af8715,0.604806598407281
n57ef6ec7dbeacdc,0.19695676905574516
n57f241a33c25a23,0.3856655290102389
n57f367d94036f30,0.25270193401592717
n57f652d0a16d804,0.021899886234357225
n57fd37952b522de,0.35310011376564276
n580b08b398a3f1c,0.33973265073947667
n5817cdb1f0ebf6e,0.2273890784982935
n581c62a4f2f3225,0.8526734926052332
n5820fc6b490861e,0.1790386803185438
n5822d76b92d3bfd,0.6827360637087599
n5823867cc97fbb5,0.383674630261661
n5839583cc71cbe2,0.31427758816837315
n586563d7a42211d,0.9958759954493743
n587442e2e6da525,0.400028441410694
n5878adddad805b6,0.6766211604095563
n58803ba062af46b,0.6197383390216155
n58b5af4bc1960e0,0.31186006825938567
n58bdccd419b9826,0.9273321956769056
n58d8c751431bbc4,0.9691410693970421
n58dec769ef00d6a,0.22070534698521047
n58e6d3466da7b22,0.222127417519909
n58efba78f4fd1d3,0.25753697383390217
n58f3821c21ae461,0.5007110352673493
n58f68ac2900896f,0.9207906712172924
n58fd108657211d3,0.9904721274175199
n58fdadf0cfb8df6,0.47738907849829354
n5907b93c96bc29d,0.658703071672355
n5914409edb54fd6,0.12542662116040956
n59170e410e95ad4,0.1395051194539249
n592159adc40d2d9,0.41908418657565416
n592e0d5ac0a7906,0.6188850967007964
n592f8b4917e8c91,0.4104095563139932
n594071cc20123b8,0.8036120591581343
n594512418103a00,0.8722980659840728
n594f5d786806793,0.6864334470989761
n5952fe24b5b5956,0.7034982935153583
n595b8c5bd0b6398,0.4625995449374289
n596985ddee0a611,0.6503128555176336
n597be0c2565f5f4,0.9815130830489193
n599457c18ec3f08,0.7928043230944255
n59a3ce253c05ffb,0.2655005688282139
n59ad8371a518e2c,0.2354948805460751
n59addf6c80ed2d2,0.6092150170648464
n59ae7d73dd6b357,0.9591865756541524
n59bf435a2cfb563,0.37229806598407283
n59c7a65db871a1c,0.3660409556313993
n59d2b94ce91bc25,0.6901308304891922
n59d3527622cb795,0.29579067121729236
n59f1f8bec6a1ab1,0.6986632536973834
n59f818762ee429d,0.01564277588168373
n5a02b7b1984d2b3,0.08063139931740615
n5a04390078f1589,0.02773037542662116
n5a152c8d30545be,0.6764789533560864
n5a177d65b5fcc87,0.29138225255972694
n5a1cb65a7ce36e4,0.1520193401592719
n5a2e43afa411d63,0.9627417519908987
n5a3293021e839f7,0.909698521046644
n5a503e181f35e49,0.4068543799772469
n5a54270da5c4177,0.048777019340159274
n5a58bd4db85b881,0.3061717861205916
n5a5aa4b8e3e0a99,0.3159840728100114
n5a70c477accee5f,0.3927758816837315
n5a74167e8fc1812,0.36291240045506257
n5a7934c1f942b64,0.8203924914675768
n5a8f9a950ca64c3,0.8664675767918089
n5a9161d48768a31,0.02957906712172924
n5a98410671a7bf1,0.8732935153583617
n5ab11f0e58b94bd,0.37272468714448237
n5ab70fd42e25669,0.34840728100113766
n5abef6b81a0b273,0.5632821387940842
n5ac285a1436c1ec,0.8539533560864618
n5ac32df2cfcffc2,0.016211604095563138
n5aca2d5197985a5,0.6811717861205916
n5adeb186ebf0136,0.17320819112627986
n5ae2ae2e16581e4,0.9927474402730375
n5ae7ce364c4321b,0.32266780432309444
n5ae93c61194ba01,0.518344709897611
n5aedf4f4c870771,0.8528156996587031
n5af89b4645db72f,0.9112627986348123
n5af906b63dea9ac,0.09655858930602958
n5b0082f7da76af5,0.39917519908987487
n5b0ab94d25c5261,0.9748293515358362
n5b13f79179f4aca,0.1899886234357224
n5b14e5a7462d771,0.37841296928327645
n5b2813349ac9860,0.6090728100113766
n5b2e190071a87f4,0.1918373151308305
n5b457e826222f46,0.2972127417519909
n5b49206f5c7f4d5,0.8774175199089875
n5b4a0b1f903b6db,0.9398464163822525
n5b4f6b28a9bd1ae,0.46146188850967007
n5b5bd86e8d85e3d,0.3141353811149033
n5b64b2831b679b0,0.5092434584755404
n5b662102fbba06e,0.8987485779294653
n5b7ee1e6cdd5f9b,0.9638794084186576
n5baafafa8f00a8f,0.1427758816837315
n5bae6fb5ca983f4,0.5873151308304891
n5bb63fce130ab17,0.9409840728100114
n5bb768db009e1d1,0.32792946530147893
n5bb94e5a05828e3,0.20236063708759955
n5bc2be26bf89426,0.20406712172923777
n5bc4ee7f8117327,0.6545790671217292
n5bc69b5c35f2f39,0.43813993174061433
n5bc74aa309fcd69,0.8348976109215017
n5bd379aaf5d95cf,0.514505119453925
n5be642e1dc4eb09,0.43856655290102387
n5be95a22613dcac,0.1992320819112628
n5beb6f8186fdcd8,0.815415244596132
n5bf053a15f3365d,0.2640784982935154
n5bfd3db8c46bf68,0.014931740614334471
n5bfd4aaa748ca8b,0.4044368600682594
n5c0305f9359afd9,0.8639078498293515
n5c0502eee7534bb,0.9357224118316269
n5c0602e120e4ab5,0.6102104664391353
n5c0be76e18017d1,0.9129692832764505
n5c10389a8f5f0fb,0.03114334470989761
n5c23423f6158b87,0.08248009101251422
n5c24a3e024978da,0.4684300341296928
n5c2df641d85e5f2,0.6705062571103527
n5c31c998aff2244,0.6784698521046644
n5c39d80ad046dce,0.4486632536973834
n5c3c7140666e192,0.4284698521046644
n5c4f7a80ba61fd8,0.8185437997724687
n5c589f0d5be2780,0.11333902161547213
n5c5b6804a6095a5,0.7599544937428896
n5c64b26d39b1aa9,0.3637656427758817
n5c6fa0019d8e98a,0.29593287827076226
n5c7d30fc91f59e4,0.6629692832764505
n5c7e9248e60f825,0.7987770193401593
n5c92108c4231b1a,0.716296928327645
n5c9eb2115ed6121,0.5511945392491467
n5ca55f236965958,0.8967576791808873
n5caba3a17219a2c,0.006114903299203641
n5cbd3c1f56a925c,0.7454493742889647
n5cc2dad53289bfa,0.6747724687144482
n5cc4025d56fac65,0.4992889647326507
n5cc5a58b7989181,0.45193401592719
n5cc6c30f41f5de5,0.4031569965870307
n5cccf6e60c3a8dc,0.9028725824800911
n5ccdfffa77b23cc,0.735494880546075
n5cce63f252c79bd,0.2829920364050057
n5ce723152e40fdb,0.6800341296928327
n5cec405ca3d3d59,0.467292377701934
n5cfd0ed63977228,0.4658703071672355
n5d006bc26f9c0b9,0.5608646188850968
n5d00c9c07249ae5,0.2518486916951081
n5d107ac20834742,0.7198521046643913
n5d1556bf1580e6a,0.5937144482366326
n5d1717cfbd65d1d,0.7808589306029579
n5d219760bef5504,0.051052332195676904
n5d249dcfca0719c,0.3316268486916951
n5d250201318b3fb,0.3794084186575654
n5d250d43c112212,0.24004550625711035
n5d250e6fc0f2671,0.1956769055745165
n5d54c9b4f7821a0,0.7642207053469852
n5d58b34168ccb12,0.9220705346985211
n5d5d56cf1614d18,0.5193401592718999
n5d61f934f112547,0.6271331058020477
n5d6cdb743a629f7,0.04934584755403868
n5d7540ffd26c2fd,0.9809442548350398
n5d80fb62e2c5c3b,0.8954778156996587
n5d9a6ba818350f4,0.21117747440273038
n5da90273f7091a9,0.7689135381114903
n5daeacb7cdeb9f1,0.4475255972696246
n5daeca917992c4a,0.810580204778157
n5db99d5502541f8,0.32764505119453924
n5dbd848ab9734b9,0.34726962457337884
n5dcaebc961fd847,0.438424345847554
n5dcb7088bfffc91,0.7926621160409556
n5dd5183cb9fc0e8,0.047212741751990896
n5dd8729e21c212f,0.7549772468714449
n5de02f937b3545f,0.15329920364050056
n5decc0def56bd17,0.6021046643913538
n5decccd5a2bf93a,0.04507963594994312
n5df33339e4315ba,0.21985210466439134
n5df7668a532f14d,0.6183162684869169
n5dfad6781fb0a53,0.7319397042093287
n5dfe929f7f992ef,0.5854664391353811
n5e03d2f7cfe6860,0.9506541524459613
n5e03d68ee293411,0.9226393629124005
n5e0bc99c67c2637,0.8176905574516496
n5e1f6a5a401c2b4,0.6033845278725825
n5e22153a3da4527,0.08987485779294653
n5e24298f15c5241,0.439419795221843
n5e27d3fac4ffbe2,0.30887372013651876
n5e37d34d3112055,0.8371729237770194
n5e3c71b2f9fe4a5,0.1588452787258248
n5e468d07ff17d4e,0.8151308304891922
n5e54d48940ff9b8,0.4003128555176337
n5e54df5ad9a5dbf,0.13637656427758818
n5e551158ab5492e,0.7342150170648464
n5e681916d562c1f,0.9441126279863481
n5e6b87be1682411,0.2571103526734926
n5e7181bc8b9b071,0.06968145620022753
n5e7363f3d3658b1,0.08603526734926052
n5e8e7db2879b715,0.16851535836177475
n5e912fc3e947ded,0.14576222980659842
n5e926e9a0a79d5e,0.32522753128555176
n5e973004e397a50,0.5083902161547212
n5e9b1720b0c5f24,0.43060295790671216
n5ea3b558bfe3f2c,0.5351251422070534
n5eab5faca804808,0.05546075085324232
n5eadf8bba7efb23,0.9172354948805461
n5eb4a16aac39fa2,0.5349829351535836
n5ed40385efb59b1,0.37542662116040953
n5ee29931a65c698,0.28100113765642776
n5ee5f6066a64c66,0.5142207053469852
n5ef04b309fb53a6,0.3710182025028441
n5ef55dc45468023,0.7939419795221843
n5ef902cd3c425ce,0.09968714448236632
n5efd3bbfa321683,0.49303185437997726
n5f1edd30a57e70b,0.02972127417519909
n5f21904c6bda139,0.2589590443686007
n5f2ac2debaad679,0.9870591581342435
n5f3efe0f3ccd086,0.6126279863481229
n5f583afd9e4298a,0.020051194539249147
n5f62d30150f9dfc,0.28825369738339024
n5f68ed33a2bac6a,0.640358361774744
n5f6a1021f4b580f,0.3147042093287827
n5f74a665931c545,0.5379692832764505
n5f76c275f5c9d46,0.41865756541524457
n5f7d12170e9526e,0.3799772468714448
n5f7f71ce685adfe,0.5716723549488054
n5f813db9448a05b,0.4507963594994312
n5f882244a3a8051,0.5984072810011376
n5f9dd80a4b8632f,0.7438850967007964
n5fa808c0e41d1bd,1.0
n5fc07a860530551,0.6313993174061433
n5fd6c9199219a28,0.36476109215017066
n5fecfc13fb615ac,0.12101820250284415
n5fed4ca5e82c5b4,0.19667235494880547
n5ff0a5dd48e75e5,0.7177189988623436
n5ff132c92f41022,0.3239476678043231
n60027afcd8936ef,0.025312855517633674
n600a050f8344097,0.4927474402730375
n600f03f58ec8d66,0.4869169510807736
n60192a78715e9e8,0.5693970420932878
n603a205170ce5a4,0.7915244596131968
n603b3d573ba234b,0.6649601820250285
n603cf5d839782c2,0.3326222980659841
n6042bb499f0780a,0.4382821387940842
n604bd4cc70cbe35,0.5112343572241184
n6056f1360702d26,0.7589590443686007
n605a8b4419e01cd,0.32110352673492604
n606654e9ad2ca35,0.07608077360637087
n6085c9d70acb996,0.6127701934015927
n6088935e069fd2a,0.10025597269624574
n60906bc42bb4928,0.8869453924914675
n6096c979ce8011b,0.28853811149032993
n6098909ce0fb6a5,0.07323663253697384
n609ae1f7addd8aa,0.14832195676905574
n60a57a935d98b4d,0.16723549488054607
n60a5cd714bde723,0.6386518771331058
n60aa888d35b5eec,0.3525312855517634
n60c24ac9f74f3a0,0.6776166097838453
n60c4fd906be858e,0.8647610921501706
n60c5cb39ca96d40,0.8602104664391353
n60c60bcb2f95490,0.5277303754266212
n60cfc2d7dcc8589,0.4709897610921502
n60df520ef831e82,0.14945961319681456
n60ec3d7b0457491,0.5658418657565415
n60ed75a7d090661,0.6521615472127418
n61077d0cfa8635a,0.8319112627986348
n610e0c3e69d06f2,0.5470705346985211
n61108bcfcb40a92,0.9314562002275313
n6133b730b28b08c,0.30062571103526736
n6135c008c62a4bc,0.49146757679180886
n613fb28e828173c,0.1689419795221843
n6143a4d0eb21107,0.45122298065984073
n6158ca8cb85a190,0.9293230944254836
n615a1f71902cb57,0.7896757679180887
n6160ea5398f48e5,0.8555176336746303
n6161e7a644cbb1f,0.2098976109215017
n616a42842e1ec59,0.3829635949943117
n617576742d63233,0.4560580204778157
n617f8259094e36e,0.7370591581342435
n6180474c7add8bf,0.4347269624573379
n618881689efb6e7,0.36362343572241185
n618ab785a4b073e,0.8053185437997725
n618f280d316842a,0.6325369738339022
n618f70ad573ba7e,0.9512229806598407
n61a2a4544c84f07,0.14377133105802048
n61a649b6c1617fc,0.24331626848691695
n61c94bdf048ac49,0.3880830489192264
n61d22521e36344d,0.8971843003412969
n61de5a0bd79e98b,0.2874004550625711
n61e3220c38ddd44,0.9664391353811149
n61e53919ed383ce,0.963452787258248
n61eb5a48efa7e92,0.20563139931740615
n61f850ae61b67e6,0.5939988623435722
n61feca9c0dd9314,0.2188566552901024
n61ffc88261cf809,0.2746018202502844
n6205c559bc0452e,0.7704778156996587
n62067f381c4e3cf,0.717292377701934
n62096a2ade36395,0.9563424345847554
n620cd124bc1ea7a,0.6889931740614335
n620d24d7f127729,0.9141069397042093
n62135f9f9ff9f60,0.36248577929465303
n621bc83ba40d5d1,0.19197952218430034
n62524632ef94a05,0.9479522184300341
n62580fa2a2854df,0.7199943117178612
n6261c166f519dc3,0.566410693970421
n626c10f6ca4e74b,0.2289533560864619
n626df81d82f3561,0.9668657565415245
n62763837885e1ab,0.03825369738339022
n627c0e11eed7e1d,0.907707622298066
n629601512f9102d,0.3883674630261661
n629f814b5ebed8b,0.6520193401592719
n62a08ee9fa1f659,0.6787542662116041
n62ab321b85730eb,0.1083617747440273
n62b0334ae0fb1fe,0.9343003412969283
n62b7883bc5d44f4,0.8643344709897611
n62b7ed1c70a45a2,0.03498293515358362
n62c106a5565106e,0.9372866894197952
n62c2999c37d7918,0.46359499431171786
n62d7d8f11801a87,0.5887372013651877
n62d9d1a00d6b62b,0.44226393629124006
n62dc4ed9b406f33,0.285551763367463
n62e4b95bbf9823e,0.7309442548350398
n62f242714867c90,0.5830489192263937
n6302e7553391eb7,0.9439704209328783
n630fb5c817d2388,0.5941410693970421
n6311a8b8601d101,0.5391069397042093
n631cb22e9ca8851,0.4522184300341297
n632051b2f47793a,0.5261660978384528
n633c1128979623c,0.4712741751990899
n634f8c0e93d0f06,0.36689419795221845
n6353731e55360e0,0.3000568828213879
n635537edbb30b48,0.7231228668941979
n635a53de8ae38ac,0.8393060295790671
n635b328a3aef15c,0.4061433447098976
n63720a4c28fb19d,0.9775312855517634
n637a2fd28d8339c,0.12272468714448237
n637cf875d8acfab,0.1321103526734926
n63856ca587bda70,0.949089874857793
n63978ab3eb13ba2,0.639505119453925
n63a2476c266f91e,0.35793515358361777
n63a33385beb763d,0.9829351535836177
n63acf2dc9987613,0.32906712172923774
n63b865cc2a90d22,0.8848122866894198
n63b8e5e3ff42a87,0.8681740614334471
n63c372026a6fe46,0.6680887372013652
n63cd3bdbb865c67,0.49331626848691695
n63cf70f9b00621c,0.6646757679180887
n63dc5e810ae77af,0.6390784982935154
n63de420b482e9da,0.7885381114903299
n63e4de6116be1d0,0.8569397042093287
n63e84bfe251c14c,0.6611205915813424
n63eb43d15c5af77,0.9724118316268487
n63edf73b91f25ad,0.02687713310580205
n63f9524cf4e9fb4,0.6215870307167235
n63fa0f247c5b784,0.09641638225255973
n63ff47c05a30a9c,0.17064846416382254
n64027a719aa204f,0.550910125142207
n640e6e060f43ec0,0.3333333333333333
n641df8d299f295f,0.763509670079636
n64200b7118ca8c6,0.7313708759954494
n6422028847bc7a5,0.2633674630261661
n64293c9da881b19,0.01208759954493743
n643afa5155c5a63,0.2805745164960182
n64400679644dd3a,0.28455631399317405
n64550cb85a100e4,0.2636518771331058
n645728c250c95d0,0.7104664391353811
n645f37072b733de,0.046359499431171784
n646cb70be45ffa1,0.10167804323094426
n646d30c3c3fb5a5,0.41823094425483504
n64822e01de40a9d,0.30389647326507396
n64847b5797aecbb,0.23819681456200228
n648bf8cf19e777f,0.7974971558589306
n648f7e8d34ced46,0.2235494880546075
n64a855f6a65b36d,0.4762514220705347
n64aa2f5d065b9f3,0.8513936291240045
n64b9af39d78b82d,0.6436291240045506
n64c12192e631ade,0.7263936291240045
n64d04ef5d2838e8,0.5292946530147895
n64d2b8c506bd664,0.30930034129692835
n64e1a214537c936,0.47667804323094426
n64edc56d967b088,0.9310295790671217
n64ee1045a63a3b3,0.1348122866894198
n64f4a0c1086cf60,0.053469852104664393
n64f4ab15bcd09eb,0.8277872582480091
n64f7060dfa7bc2e,0.4896188850967008
n64f73516bf5baec,0.9731228668941979
n64fbe47f36692dc,0.5105233219567691
n6501ac8f0b158b2,0.9251990898748578
n650380bff3337cb,0.7394766780432309
n65048cef0837d10,0.322098976109215
n650c5ae6b1394d4,0.7649317406143344
n651227662bd2774,0.7632252559726962
n65142586d76c76c,0.7709044368600683
n6518d30d795c2c5,0.4042946530147895
n65196031f9211b2,0.4839306029579067
n652934ac681e63f,0.5032707622298066
n652e7e7ac4df118,0.9577645051194539
n6535dbe57f02782,0.8058873720136519
n653e1b3dd2be3f2,0.17690557451649602
n657749ca6d148ba,0.23734357224118316
n657ca44205d9f8d,0.7253981797497155
n65a80c859cbe75b,0.501848691695108
n65af847d93b6ed0,0.2782992036405006
n65b705900a76f58,0.5308589306029579
n65d5dab5d9dfe31,0.04778156996587031
n65d7961f41939fd,0.2616609783845279
n65d9b9e361a2f77,0.14476678043230945
n65df988ca0f4102,0.6406427758816837
n65ffc9cf7d9d71e,0.5523321956769056
n66129b793d3c598,0.9689988623435722
n661eb32957328ac,0.999004550625711
n662968714cc5149,0.6998009101251422
n663388b28266263,0.8794084186575654
n6633a58ed3e5e6f,0.5938566552901023
n663ffdf7974babd,0.32622298065984073
n664ccede48ef99f,0.5748009101251422
n664eb9deda2e80b,0.1574232081911263
n66611c9ed13433e,0.9560580204778157
n6663bdf11d90abb,0.4887656427758817
n667d514b65436f2,0.7363481228668942
n6685b3bc833e00f,0.7411831626848692
n6686e5a8b068ba8,0.4847838452787258
n6687128d6ed96be,0.7359215017064846
n6689bb0be1235a5,0.32736063708759955
n6693f2cefa5db62,0.104806598407281
n669ca2c1f88d76d,0.34044368600682595
n66a0ae1d3c18db8,0.9857792946530148
n66a7e86c0455323,0.7989192263936291
n66b9912cef139c4,0.15017064846416384
n66baf042bb69a15,0.10381114903299203
n66bd4b454a4bfc8,0.6430602957906713
n66bf219d6c3773e,0.41766211604095566
n66c14d4107f32be,0.8580773606370876
n66c505d72d7b270,0.6612627986348123
n66c6b71467decc0,0.48862343572241185
n66cf9f60c742bc0,0.36319681456200226
n66e1acc823ecc5e,0.9637372013651877
n66e3a2496fc9d80,0.11931171786120591
n66e8d61fe092b17,0.3855233219567691
n66ee836dfacc3dc,0.5492036405005688
n66ffed85fc28739,0.7300910125142207
n67215b8132190f2,0.5597269624573379
n6725fa2e77dbb34,0.20349829351535836
n674243b12d051d2,0.3347554038680319
n6743c0e65a440aa,0.822098976109215
n6755a318ca03fba,0.9048634812286689
n675c22dc40d66fc,0.22767349260523323
n67688395d4e57c8,0.20079635949943117
n677bbb1c15c46e2,0.6804607508532423
n6785876c1cef064,0.339448236632537
n67983f43b68cf3f,0.9236348122866894
n67a8b7fd79fbbac,0.367320819112628
n67aed2008a688c9,0.277872582480091
n67b01477ab8c110,0.3283560864618885
n67c965191aecb7f,0.31513083048919227
n67cbb2a644ce18f,0.3003412969283277
n67cf8f96fa3adb8,0.5116609783845278
n67d6968fc131bc8,0.10324232081911262
n67d7366477ea4f8,0.5787827076222981
n67dba36e6d86f9f,0.1924061433447099
n67e239c82526b2e,0.07167235494880546
n67e29df3be82c79,0.17022184300341298
n67f7e00f3bff118,0.6164675767918089
n6813d97a5f48456,0.1766211604095563
n682b2fa96017ebe,0.11732081911262798
n682d2e7a95afd81,0.13779863481228669
n683621d6bb93c72,0.42235494880546076
n68382342cb21570,0.29948805460750855
n684c6a14ee69b92,0.11476109215017065
n684f5dee9ce0e8d,0.02886803185437998
n685c5ee984a8df0,0.6481797497155859
n686f648b5e96d0f,0.37400455062571103
n68802de0412b92f,0.9899032992036405
n6892eab25ed2b6b,0.1493174061433447
n689d9b7ed544ea2,0.49473833902161546
n68b9aa8881d1cd2,0.9431171786120591
n68b9f8205b49be6,0.5358361774744027
n68bd58b35c46d17,0.7303754266211604
n68c24512d78073c,0.5533276450511946
n68c3ace00ad7c6c,0.25639931740614336
n68c5c12a9d32a35,0.1885665529010239
n68c979cc4f0f385,0.6237201365187713
n68cd80250a044bb,0.9111205915813424
n68d46b8b5106d3d,0.06641069397042093
n68e6077b3b41533,0.9643060295790671
n68ed1ed1dd6bbe1,0.7562571103526735
n68ed69640ac1a10,0.48350398179749715
n68f438adc1850f8,0.12869738339021616
n6907e397de9c5ed,0.551052332195677
n690a237a0ff9b3a,0.40927189988623436
n690f176a47f9cbc,0.23449943117178612
n69194f62b80c04b,0.32295221843003413
n6923ffde83bc1d6,0.1042377701934016
n692aae168f8c64e,0.4156712172923777
n692c6fbadbfaa00,0.8486916951080774
n69332269a616f32,0.06797497155858931
n6933f7bf4748a12,0.715301478953356
n69411dff0464ea1,0.33575085324232085
n69506354f1813ee,0.06285551763367463
n695e5896bb2f3a3,0.5773606370875995
n69695d18521ffe8,0.4702787258248009
n696af2afa99c1e0,0.31754835039817975
n69780b2e073709c,0.6744880546075085
n69835529edcc07b,0.8508248009101251
n6989c2c85f5908b,0.3235210466439135
n698cb40dbfd14fa,0.3496871444823663
n698e48f4b4034d7,0.8387372013651877
n699105d9401895b,0.17747440273037543
n69a0f541bbca608,0.16965301478953357
n69a5197d7f30109,0.20335608646188852
n69ac5e7dfb6a7be,0.0674061433447099
n69cd48c8c70caa7,0.662542662116041
n69d94d11e3fa266,0.5668373151308305
n69d9ff0b5f945b9,0.6834470989761092
n69f9de4aa29551f,0.08745733788395904
n6a20e72ae178c19,0.3090159271899886
n6a391de4bec4400,0.0843287827076223
n6a462c11ce89baf,0.11220136518771331
n6a46f1756b4f2cf,0.9738339021615472
n6a489c474156fd0,0.036262798634812285
n6a4bfec90e58c58,0.16496018202502843
n6a4ce4bd2b9069c,0.9419795221843004
n6a5056f8e6caba4,0.09527872582480092
n6a5e3e6fe045d18,0.3017633674630262
n6a65221fb7e6955,0.07309442548350398
n6a67a25fbd8e321,0.16751990898748578
n6a6dccc9719c2eb,0.8707337883959044
n6a72c973a93c4f3,0.20790671217292378
n6a7d282a9e24cc1,0.8687428896473265
n6a807dd586cdd39,0.07849829351535836
n6a90fb7deaf3fa6,0.6504550625711035
n6a9b4a2b2950f5a,0.5200511945392492
n6aa1936419e8d9f,0.6487485779294653
n6aa5b63de32dbbb,0.9500853242320819
n6aa892d7db5f909,0.053612059158134245
n6ac80a8edd55b40,0.8922070534698521
n6acc43eda47c386,0.6786120591581343
n6ad53b414727ee3,0.30204778156996587
n6add8d84308d91c,0.6123435722411832
n6adf702208d410c,0.36618316268486917
n6aee9a86d148843,0.6737770193401593
n6aeea12f19bf56a,0.8741467576791809
n6af13da1493d112,0.4653014789533561
n6af47623bc0bbc5,0.9313139931740614
n6af780fef6b688e,0.49246302616609783
n6b0136d586a8a87,0.8727246871444824
n6b0561887c36758,0.7504266211604096
n6b0dc3666c444a9,0.8357508532423208
n6b11fd23de196fb,0.2818543799772469
n6b24fa54a223ba8,0.27275312855517636
n6b29b7ee6427b8a,0.38751422070534697
n6b2fe1357389e20,0.4438282138794084
n6b4c62a20f1cb33,0.08361774744027303
n6b587688ece8aae,0.5641353811149032
n6b71b4c7eacbf72,0.04948805460750853
n6b722196941da77,0.38139931740614336
n6b72bdc378ac994,0.05062571103526735
n6b791daaf1a924d,0.04522184300341297
n6b7f1b07be0c4fd,0.7782992036405005
n6b7fd69faade297,0.33688850967007966
n6b8719b7d5f4e59,0.6767633674630261
n6b8d68099a96e88,0.330773606370876
n6b92b6f6bffe1b8,0.7158703071672355
n6b9f96dd1e8ac11,0.0641353811149033
n6baceb5bf5052b8,0.49004550625711035
n6bc8c53ab607f1a,0.7871160409556314
n6bc9e70e42b304c,0.4843572241183163
n6bcc5fc131fe054,0.9227815699658704
n6bcf8122b09e5a0,0.8400170648464164
n6bdd4d99a0e93f3,0.8290671217292378
n6c081ad7d848347,0.9401308304891922
n6c153fa0b951468,0.0537542662116041
n6c25268b442fea8,0.8606370875995449
n6c414c73da02820,0.31569965870307165
n6c49439e8a7848a,0.5776450511945392
n6c4db412ed4f442,0.5925767918088737
n6c62031c1e4c083,0.4379977246871445
n6c64edd16e9157c,0.2771615472127418
n6c69ecae7fb7fd3,0.8353242320819113
n6c7838aa21a8122,0.47554038680318544
n6c7b44e1c56ee3c,0.9165244596131968
n6c81e03eba3706c,0.6083617747440273
n6c83c53f1e27018,0.04835039817974972
n6c972d49b4ea314,0.7097554038680318
n6c9f0c5c3541090,0.6665244596131968
n6ca24996504eee9,0.16709328782707622
n6ca8da72ecf0af0,0.765358361774744
n6caad1e623052aa,0.02104664391353811
n6cb289b473d6c1c,0.8235210466439136
n6cb8dc26614be90,0.40486348122866894
n6cc443c56742663,0.6931171786120591
n6ccee2d1962116e,0.9697098976109215
n6ccef4ddeadfa39,0.2268202502844141
n6cd532a84f80afd,0.9960182025028441
n6cdd0fd05642faa,0.9498009101251422
n6ce1eab16c8e13e,0.7522753128555176
n6ce71244aa835c4,0.8368885096700797
n6cfe85e0a3a0823,0.9166666666666666
n6cfef35d659a5f1,0.3216723549488055
n6d028272003874b,0.18984641638225255
n6d043e25520f289,0.34542093287827075
n6d07c1d5f4613f8,0.7738907849829352
n6d0bb57ea5f8bcb,0.19638794084186575
n6d171a4da69233a,0.7667804323094426
n6d19533646c471f,0.8043230944254836
n6d1f31615ea4f61,0.8031854379977247
n6d1fdb5ff3f19e2,0.8181171786120591
n6d25fd156fdaac8,0.8293515358361775
n6d272e830d1f2bd,0.8037542662116041
n6d2c3eb1982920d,0.06214448236632537
n6d36ada54eff9a4,0.36646757679180886
n6d3fe27151ddd55,0.022468714448236633
n6d5338a896ad005,0.6548634812286689
n6d74faec5088b1f,0.8937713310580204
n6d839fe5533b9a4,0.47255403868031853
n6d89564b13b3722,0.07081911262798635
n6d8b4640e49d0e8,0.3609215017064846
n6d9550dfa62d695,0.6352389078498294
n6da0832b684c209,0.3808304891922639
n6da8e3157a7609b,0.8381683731513083
n6daa9725264ab9e,0.8959044368600683
n6db4731edaa8e09,0.6631114903299203
n6dc4765798dfed3,0.7775881683731513
n6dc6e649de7efe0,0.9128270762229806
n6dcc8ab0b7162d4,0.11362343572241183
n6dced0ca9409b78,0.8620591581342435
n6dd18a5cbd9637e,0.5002844141069397
n6dd4c70cf665701,0.6346700796359499
n6de6b99515ddc3b,0.9388509670079636
n6df5cc033e22acd,0.4699943117178612
n6dffd14ff341abd,0.09300341296928327
n6e00d07e66c98e8,0.27147326507394764
n6e032475e80e588,0.084613196814562
n6e0bb849f90d109,0.4513651877133106
n6e1d2803cb71fef,0.8024744027303754
n6e2059d47c920e7,0.6016780432309442
n6e2ba980e5f0df2,0.7602389078498294
n6e2caf3b8d22e89,0.19098407281001137
n6e46fa2a3abc161,0.6598407281001137
n6e6318c633ce29f,0.1353811149032992
n6e7588e291f5b47,0.9890500568828214
n6e7fa7dd0745750,0.9338737201365188
n6e878c4e1ed99d8,0.08333333333333333
n6e8a393573ee2a1,0.35665529010238906
n6e94fad972a5302,0.22838452787258248
n6e9ff66300c4ec0,0.8981797497155859
n6eaef05a47731f0,0.8141353811149032
n6eb01551bba0e19,0.746160409556314
n6ed290e40bb27d6,0.8256541524459613
n6ed51881c3bca9d,0.2600967007963595
n6ed7921ac5653bd,0.7950796359499431
n6ee5068cda5d17d,0.43458475540386804
n6ef97ecbc3053b0,0.3129977246871445
n6f0276947b038a7,0.016638225255972697
n6f06993c612e3d1,0.24857792946530147
n6f194bcf5bc463f,0.48179749715585896
n6f19f6918eb3b91,0.895193401592719
n6f1ca1edb1bcab1,0.7453071672354948
n6f1f1fc69bb2119,0.41168941979522183
n6f3ac043bbb7a41,0.5753697383390216
n6f42351374d37ff,0.6982366325369739
n6f52ea79ca3cf5f,0.26180318543799774
n6f69ce7feefb27d,0.6269908987485779
n6f7bc4d223c4ecd,0.9926052332195677
n6f857f664dfba5b,0.40130830489192265
n6f894fa2f2e9c8c,0.6193117178612059
n6f8af842d15972e,0.46544368600682595
n6f8d934186f12b8,0.13722980659840728
n6f9537b9b1f8d9f,0.748151308304892
n6f9b46064cac4a1,0.9527872582480091
n6f9c16cd9cd02a7,0.715443686006826
n6fb25afa7d00a2c,0.21601251422070536
n6fb8bd55d98af5f,0.6638225255972696
n6fc529fa443cbb3,0.36035267349260525
n6fdc24be8327340,0.9483788395904437
n6fdcd2051868d4d,0.17591012514220705
n6fde931b4a04f8e,0.035551763367463025
n6fe1900bf792a2b,0.00938566552901024
n6fe24e1d9ecf680,0.6079351535836177
n7011c704963de73,0.14249146757679182
n702ba5a63867046,0.28526734926052333
n702d0a778f58032,0.3971843003412969
n702df366c009104,0.8521046643913538
n7039aa8ce2112fb,0.4695676905574516
n703cb45ab5d93e7,0.804749715585893
n70423afaffc46b2,0.536547212741752
n704274992e4409b,0.43216723549488056
n704ecdde3be7e4d,0.7086177474402731
n70591d2d2496456,0.23492605233219568
n7066b821963d973,0.14590443686006827
n70700530a799285,0.21444823663253698
n7072bb19a8a4101,0.8496871444823664
n7077f66443395e7,0.4532138794084187
n707c94234172f42,0.9953071672354948
n707ca17ae4a9cab,0.2494311717861206
n7081beac7ca9f37,0.19581911262798635
n7085a74dbb6ca19,0.988481228668942
n7089f90b2e8c793,0.27744596131968147
n708ca01f53f1aa3,0.31399317406143346
n70936518fb51946,0.5935722411831627
n70959e2c50f30e0,0.475967007963595
n70a2638b893ae8e,0.6996587030716723
n70b8167717ef170,0.9756825938566553
n70b883b271dcfd8,0.32551194539249145
n70c30fe623d4a67,0.9887656427758816
n70c4b39e99593f4,0.4141069397042093
n70cad8c72ccfada,0.5231797497155859
n70d12a63b68204f,0.37485779294653016
n70d4da791701783,0.2773037542662116
n70f7b614fd8dd76,0.4054323094425484
n710a5b7cf523256,0.3677474402730375
n71264f6e2a1efd4,0.20136518771331058
n7139c6b218a089d,0.5290102389078498
n713f60324855f71,0.8068828213879409
n713f95d7d49f4ce,0.4782423208191126
n71418a1d0378ab0,0.7858361774744027
n7145199441625bb,0.7046359499431172
n7149bd444727aec,0.07337883959044368
n715315464ca5a03,0.3806882821387941
n715e54f66d0e98d,0.2790102389078498
n71623072e37a9da,0.7463026166097838
n7167bcfdfd5bb76,0.7946530147895335
n716aeec69c8f413,0.7746018202502845
n716c608e8317e65,0.9681456200227532
n716f6bd5a0df45d,0.2025028441410694
n71703526271fc5c,0.6258532423208191
n7170370790c00ad,0.7585324232081911
n7173c0e9d06ae25,0.8812571103526735
n7181feff4287d11,0.9776734926052332
n718832163f1d823,0.04280432309442549
n71a6327b73049e8,0.07664960182025028
n71ac91746904639,0.10224687144482367
n71c222ae821980d,0.8367463026166098
n71c5eaf28a4d574,0.9098407281001137
n71cf9edf547004b,0.6112059158134243
n71cfdd2ab695307,0.29436860068259385
n71d4d60a875d91d,0.5149317406143344
n71e0e42a605a53c,0.2787258248009101
n7204c26cf51773b,0.46430602957906714
n7207a4aa1c51c1d,0.5280147895335608
n720b8f62f1de723,0.20420932878270762
n720c1ad85d3d6d7,0.8786973833902162
n721e39cc9289e27,0.015358361774744027
n722722e613fc96b,0.7703356086461889
n7234850a2bcc7dc,0.9675767918088737
n7236268b987ced3,0.7184300341296929
n7239decc1f2972a,0.37329351535836175
n724326212881f30,0.7337883959044369
n724c8ee851aded9,0.1825938566552901
n725cf2ab3dfe3eb,0.47881114903299204
n726888bf15d7536,0.9042946530147895
n726c282c4f6943d,0.14704209328782708
n7275aa31fed5801,0.8326222980659841
n72768e60cbfe38b,0.9684300341296929
n727cb9fd5697305,0.8206769055745164
n727d1614e24a62a,0.8849544937428896
n72816c6e42014b0,0.6350967007963595
n7289446b97d54db,0.7963594994311718
n7290b028b01570c,0.5789249146757679
n729c7735268e1fe,0.9832195676905574
n72a12e785dcda82,0.20861774744027303
n72a6a260870e6cb,0.4680034129692833
n72a79a14cdc3839,0.7468714448236633
n72b06e8bd90b864,0.483646188850967
n72b9c6265f53443,0.5066837315130831
n72bb651e4cec4a4,0.12997724687144482
n72d262a3edadfb2,0.6289817974971559
n72de950f17b8071,0.5883105802047781
n72e04554daf26b3,0.7067690557451649
n72e480e98a35347,0.8464163822525598
n72e67e1b1a14ae0,0.2647895335608646
n72edcb1adb945d4,0.1695108077360637
n72f01850da76253,0.7544084186575654
n72f3ff6750b2f20,0.29906143344709896
n72f518765d86ad0,0.42974971558589303
n72fdceabeafe677,0.6315415244596132
n72fe542ee82cfb6,0.40457906712172925
n7300cc8da78ebe4,0.448094425483504
n73025afaeb00502,0.8475540386803185
n7310e90e8e92d20,0.9169510807736063
n7327b5e580662cd,0.9367178612059158
n73299f477695e6e,0.1285551763367463
n733cc7d19ea995b,0.14121160409556313
n733cfa94c3f7a27,0.24573378839590443
n73473e797f0ecff,0.830773606370876
n73528464d03e9b4,0.18003412969283278
n735cac9188d3751,0.9876279863481229
n736e2c397b3820f,0.9102673492605233
n73732c40455fe9b,0.5931456200227532
n737978aeef9abcc,0.5723833902161547
n737a5c7d4b2f6b9,0.21188850967007963
n737e811e0a635cc,0.1771899886234357
n737eab398e9856d,0.008105802047781569
n7381ffc17ca5b47,0.544226393629124
n738594b4360e528,0.6948236632536974
n738f495169c2c3a,0.05147895335608646
n7390a4c682a7eed,0.08973265073947667
n7391ef1a7275f56,0.38822525597269625
n739d4396fd9803c,0.7795790671217292
n739dab1545caed9,0.7959328782707622
n73a5674047134d6,0.4803754266211604
n73b2f3193138205,0.8418657565415245
n73bc714071e2ee9,0.8688850967007964
n73c1c20da96038a,0.26706484641638223
n73c1ea5230f2222,0.3420079635949943
n73c75c3a1c82de5,0.13026166097838454
n74031de979e3071,0.0701080773606371
n740bad172471dff,0.3468430034129693
n741b321bc80f6a2,0.38097269624573377
n741e4c0c69cda6a,0.5123720136518771
n741f5893b385959,0.9069965870307167
n7420c05beb86c41,0.7327929465301479
n743053ce1fd855d,0.8375995449374289
n744f738d9c4b208,0.9980091012514221
n7466b98c53076d3,0.9416951080773607
n746ac935b16e9bc,0.2579635949943117
n747a3f379b4587f,0.8525312855517634
n747d1408d581b0e,0.27417519908987487
n749e767454dee98,0.3476962457337884
n74a3cfd5c058f3d,0.7960750853242321
n74a498f8c9bb766,0.39803754266211605
n74babe797601267,0.9044368600682594
n74bc783547aacb9,0.693259385665529
n74c06905cb9ee3f,0.11746302616609784
n74c52b93f6ea451,0.29251990898748575
n74df5ba676e4a53,0.3495449374288965
n74ecd054bc5c645,0.7025028441410694
n74f2944d4618ecd,0.032423208191126277
n74fc4062eb32953,0.07551194539249147
n752053c24f3d6b1,0.624004550625711
n7527bd78e9dec61,0.3242320819112628
n7532b16d6e23966,0.3691695108077361
n75330a17e480360,0.10864618885096701
n75356ec1bea0dbd,0.9051478953356087
n7536a9a04126e9a,0.25170648464163825
n753a76a521bb287,0.515358361774744
n7540bc3c365d24b,0.09030147895335609
n7544f0dbebc656d,0.9598976109215017
n7558e2c329b0b2b,0.24928896473265075
n7558fdf032c2f69,0.04550625711035267
n7559d02e2342b85,0.49872013651877134
n75600e20fa27d52,0.6158987485779295
n757d66440afc15b,0.04792377701934016
n758c4f71a0e6a4f,0.26834470989761094
n75ad200eefc707f,0.6943970420932878
n75c2e6dfdd7c787,0.9525028441410694
n75c804db55b6aa8,0.09954493742889647
n75d63187b7a5616,0.07124573378839591
n75d9e13b1f99f73,0.022610921501706484
n75e49c43995ca28,0.9486632536973834
n75f3b16b47919b5,0.705773606370876
n75f7dd255b83e44,0.4276166097838453
n7604e5a03284ec7,0.8398748577929466
n7615a1b71ca74ca,0.7918088737201365
n761d6da0452d2f5,0.39078498293515357
n7623304ac0fa61b,0.18458475540386804
n762bc7b7332e684,0.8577929465301479
n7635bcecf26dce8,0.4340159271899886
n763943ddbbc9ef4,0.6510238907849829
n763b4f3ceb269dc,0.16112059158134243
n764065c7a745e27,0.8111490329920364
n76406793e9f8868,0.4050056882821388
n764c4e78f7c7872,0.9084186575654153
n764d431057b7a5b,0.7386234357224118
n7651cba43406e6a,0.7777303754266212
n765b7d41edf3022,0.8282138794084186
n765e74c014ad142,0.5843287827076223
n76741a90c0d8bff,0.9704209328782708
n7676b3df7fc044c,0.7800056882821388
n7683a57c4dc3db3,0.3934869169510808
n76857a71adbbc97,0.4908987485779295
n7690e4d9798edd4,0.4753981797497156
n76c0e77bfa8ca7d,0.14505119453924914
n76cdd26248dbc26,0.2645051194539249
n76d2498cca82bab,0.07707622298065984
n76d7a88bf72755d,0.4641638225255973
n76ddc8e22bd4ed3,0.6887087599544938
n76f626f2a6b220d,0.5472127417519909
n76f79c3b5c42457,0.42733219567690556
n76fdf080129d85f,0.785551763367463
n7702f2761413ed1,0.7174345847554039
n770612758d72581,0.6888509670079636
n7709c6e09debe6d,0.4876279863481229
n77155285bb06fcf,0.603811149032992
n77186e5cc43eae9,0.9445392491467577
n77227d7cc7c51ec,0.09328782707622298
n77301e750305f75,0.7676336746302617
n77344c241d84ab7,0.20591581342434584
n774e24bd4b182e8,0.5156427758816837
n775693fc4ebc72f,0.8684584755403868
n775ad08a48f8a59,0.6820250284414107
n77623bf344daa31,0.4014505119453925
n7770b1618e18c3c,0.523037542662116
n7788da870d8da7a,0.943259385665529
n778906891d7b836,0.8272184300341296
n778b53e5ba4bc91,0.6493174061433447
n778c8d92d3062bb,0.733646188850967
n778e1edd31c12ac,0.709613196814562
n779854da58bbe6f,0.2797212741751991
n779dca8e1971a18,0.4661547212741752
n77aa66f56447f5f,0.5978384527872582
n77be8efe2aa54c9,0.659698521046644
n77bf55ef681bfeb,0.8540955631399317
n77dd38fc57dc325,0.37457337883959047
n77f28d9b7e5e301,0.6579920364050057
n77f68e019b3b368,0.2016496018202503
n780195c8a3cbc75,0.2521331058020478
n780a554986955d0,0.9678612059158134
n780ba36b6c0489f,0.7733219567690558
n780e14d2cfc705c,0.524032992036405
n7822e389a0d3999,0.9118316268486917
n7826e28cff581d3,0.6316837315130831
n782e4ebafcabd41,0.37300910125142206
n7830ba76e5f9fc2,0.15628555176336748
n7835f8d912cd6fb,0.026166097838452786
n784832b523e6114,0.5433731513083049
n7849387f4e65983,0.8336177474402731
n78558da1158f7a4,0.5321387940841866
n7857a0a9dd168ad,0.16695108077360638
n785dff8c11b647f,0.738481228668942
n786293ac7a614e5,0.7064846416382252
n786f2636370eeee,0.6497440273037542
n78701930d7a487e,0.9071387940841866
n7871aa81507fde9,0.7879692832764505
n7871d7c51df1eb2,0.028725824800910123
n789035ae47ae999,0.731655290102389
n789737f8553c932,0.0671217292377702
n78c9c5a8d5ed771,0.5908703071672355
n78d117a429ad6f5,0.14448236632536973
n78d772e142feeb7,0.8651877133105802
n78d998229640bc1,0.4004550625711035
n78db3b7361f83e9,0.7822810011376564
n78e6de7be886090,0.5648464163822525
n78ea99574fda27a,0.11860068259385666
n78f67697879514a,0.6754835039817975
n790a78fc052e454,0.05204778156996587
n79242c04175ba7e,0.04593287827076223
n7928e4cb74e588b,0.5103811149032992
n792bc0fe552322d,0.9315984072810012
n7932483f7a7bb9d,0.5863196814562003
n79413051c653738,0.6379408418657565
n7947e4851716093,0.4409840728100114
n796195354eddf59,0.9424061433447098
n796e0c182fd3a90,0.10765073947667804
n797854e63f615e5,0.7344994311717861
n797a0ec9b6cc023,0.5457906712172924
n7982b2889ec8aa2,0.2546928327645051
n7983e335947d2e6,0.6973833902161547
n7986b53ee142298,0.3120022753128555
n798783a3e36c016,0.5469283276450512
n799625c09a7f2f8,0.9271899886234357
n79a718e8d7005a3,0.4199374288964733
n79c0d0fa74bca0e,0.7407565415244596
n79c36fb80ee180e,0.3892207053469852
n79c8eac11c67838,0.6687997724687145
n79ccd9ae0ea834f,0.5412400455062572
n79d6093752a1ced,0.8344709897610921
n79d8954386bd50f,0.47952218430034127
n79db406cbd326cc,0.156712172923777
n79dcb77d226fb24,0.8683162684869169
n79dde33a7356011,0.38168373151308305
n79e30ac36db82f8,0.9064277588168373
n79ef7c33e63822a,0.2428896473265074
n79f1eb9f8206079,0.15002844141069396
n79fdb6ac8a6a8c3,0.910551763367463
n7a092521c9f17f0,0.2603811149032992
n7a16ec1d054ac56,0.627844141069397
n7a1aebaaba462ce,0.9985779294653014
n7a1c110cc655505,0.12286689419795221
n7a1f13f35f0bd01,0.820250284414107
n7a304f7d1bdd8db,0.0878839590443686
n7a32554be266e55,0.9094141069397043
n7a402d51a5afa97,0.306740614334471
n7a44c8241d3e188,0.9193686006825939
n7a487e5ced574f8,0.07864050056882821
n7a4959b18f72d92,0.7810011376564278
n7a53327cdf2a854,0.7888225255972696
n7a53a99da59783c,0.1757679180887372
n7a5cf0c9c18c8b7,0.8469852104664392
n7a60f66965b2dcc,0.3046075085324232
n7a6db6cc34edc75,0.3387372013651877
n7a7b14d83b4c930,0.8209613196814562
n7a7e6f9d1ef78bd,0.43686006825938567
n7a8d3a684b97656,0.007679180887372013
n7a941fb7787da17,0.4852104664391354
n7a98ff4fbe7ec62,0.3195392491467577
n7aa9ea2f58c7975,0.8275028441410694
n7abc3a707cd1e34,0.2022184300341297
n7ac68b1c96639ae,0.3482650739476678
n7acc97f2dac7d14,0.3815415244596132
n7ad49f17abe00cf,0.7285267349260524
n7ad95b5869fba20,0.7272468714448237
n7aeaae86dc80749,0.7393344709897611
n7aeea1c63322815,0.92306598407281
n7af139e6f0703bd,0.768344709897611
n7af6c022888fe68,0.2027872582480091
n7b02f40bc4d4524,0.41609783845278725
n7b14b8745d8a5fb,0.7901023890784983
n7b266144c3cbd4b,0.12315130830489192
n7b2a4dbbde36ccf,0.9224971558589306
n7b2ec017a421e50,0.7138794084186576
n7b38d2cd54a6ca0,0.05389647326507395
n7b41d3648b19eb8,0.177901023890785
n7b42150ea2b6753,0.4613196814562002
n7b49b3375436fdf,0.8816837315130831
n7b4f1317b5b1710,0.11063708759954494
n7b646becf7403a6,0.3411547212741752
n7b669d47fb7f9f2,0.9802332195676906
n7b6ed15ef929787,0.9631683731513083
n7b70be4f29211c5,0.09357224118316268
n7b86c8c11e31cad,0.9249146757679181
n7b9e414af86dcae,0.5011376564277589
n7bb91b74e5bf59c,0.03597838452787258
n7bc9a012cec8b85,0.45634243458475543
n7bd2b87e50b1bdb,0.21075085324232082
n7bde3ea15caabc0,0.9778156996587031
n7be89bc092b4783,0.7608077360637088
n7bef6eb256a0dee,0.789391353811149
n7bf5bdec2abae84,0.1751990898748578
n7c091be79446fe5,0.4435437997724687
n7c0fd0b8202ca74,0.7100398179749715
n7c1886b0ea44365,0.628839590443686
n7c2c0a4889966a1,0.784698521046644
n7c2ccb8103b5b9c,0.30233219567690556
n7c2f6d28de06643,0.3165529010238908
n7c31a1b596e155c,0.4055745164960182
n7c35d95570f7c1d,0.7003697383390216
n7c44c0b8dd940fd,0.979806598407281
n7c588374c2d8854,0.8852389078498294
n7c62cd63a281844,0.8321956769055745
n7c66070f1111a50,0.7778725824800911
n7c68c7063425f1b,0.20065415244596133
n7c724e511a42a07,0.18088737201365188
n7c744e784a123a3,0.35054038680318544
n7c7815d1dd713fb,0.6872866894197952
n7c8479d067b5c9a,0.18842434584755405
n7c8a3f079d96aff,0.6564277588168373
n7c8f5373bc4b76a,0.003981797497155859
n7c9fc12e8410516,0.15898748577929464
n7ca435843e2cd57,0.4655858930602958
n7ca94a0aa7a9d52,0.5669795221843004
n7cc1f4b5ac2b578,0.3272184300341297
n7cc5f22c399a1cd,0.41140500568828214
n7ccd5de9cdf4856,0.5600113765642776
n7ce477a9c246b13,0.6945392491467577
n7cf98a81e7f3c13,0.013083048919226393
n7cfcc552107d7ae,0.7787258248009101
n7d18cc639641eca,0.9213594994311718
n7d2c3ba87b1c330,0.12457337883959044
n7d34cd8fba201ea,0.6477531285551763
n7d35a7533a8e06d,0.8627701934015927
n7d4ffc15a653198,0.40088168373151306
n7d540838a363fcd,0.8061717861205916
n7d56dc2601e86a4,0.7074800910125142
n7d57a9bf5187f7c,0.09485210466439135
n7d5b0dc1bba10e6,0.7353526734926052
n7d638fb0c78523f,0.3199658703071672
n7d6670e1cde746d,0.34485210466439137
n7d683f2f47c7cf1,0.3127133105802048
n7d6c58d2854db4d,0.9145335608646189
n7d7d0c8a7eea34c,0.6400739476678043
n7d7f25b33e4238d,0.5036973833902162
n7d7f97eee6104d4,0.9473833902161547
n7dacc783ecc7b04,0.9370022753128555
n7dad7674f9b1282,0.18728668941979523
n7db5aa8b208ead0,0.3097269624573379
n7dba0cce6cbbf21,0.7352104664391353
n7dbcd37d57d7853,0.7966439135381115
n7dbf7b16b674a0c,0.7670648464163823
n7ddbcd6d4546fcd,0.25
n7de3d65b33524f1,0.4463879408418658
n7defde70b9076a8,0.7258248009101251
n7e05951ec020084,0.30858930602957907
n7e17b9e73fe7eff,0.30489192263936293
n7e1a3a940ab70f8,0.8397326507394767
n7e1eb1d2e4d6759,0.5267349260523322
n7e28001e390b60d,0.4742605233219568
n7e2a3d49faa1e6e,0.9768202502844141
n7e3006d9caaed97,0.9384243458475541
n7e3231d4698a9ec,0.6075085324232082
n7e37b3434e60981,0.19809442548350398
n7e3f14963a4e48e,0.3492605233219568
n7e446e6fb5b3b19,0.6983788395904437
n7e5a7322dd48519,0.3166951080773606
n7e61bbafa038efe,0.8310580204778157
n7e625a26e8fb050,0.1012514220705347
n7e63ff2a4592d2c,0.9027303754266212
n7e6c135d7718a25,0.20620022753128556
n7e71727de08562e,0.04209328782707622
n7e75316cc3778b8,0.7236916951080774
n7e9387d5118e743,0.613481228668942
n7ea0a0c10a4d9c0,0.08859499431171786
n7ea59acded8228b,0.7525597269624573
n7eaaf23891f2eab,0.8902161547212741
n7eb29cb32b26a92,0.5802047781569966
n7eb3ff551fab858,0.7012229806598407
n7ebeafcb5fedd3b,0.32337883959044367
n7ec519eb9079e97,0.6163253697383391
n7ee84eb66e7c302,0.30745164960182025
n7ef5b55632da4b2,0.665386803185438
n7eff34db1ab4d3c,0.3768486916951081
n7f00318e0e3153b,0.18287827076222982
n7f04b15f3ca8b2c,0.9900455062571104
n7f1176820bac28a,0.2930887372013652
n7f192972eb2eaf8,0.06882821387940842
n7f1d69c09438bc2,0.1959613196814562
n7f2fe944ecba11a,0.9047212741751991
n7f3166e7bb0a3b1,0.589448236632537
n7f34d15dc4c3b9c,0.19041524459613196
n7f3793a384888d8,0.26350967007963594
n7f40d325043eb5b,0.31968145620022753
n7f457f5b90fdc61,0.6753412969283277
n7f5008e747904b1,0.2794368600682594
n7f5ca12dfab7f05,0.4854948805460751
n7f62b779c321d5b,0.06726393629124004
n7f695b55b3e5538,0.04081342434584755
n7f69baaaa839eb6,0.33745733788395904
n7f6d4212c94a39c,0.22554038680318544
n7f77552880aeb71,0.44439704209328784
n7f7887adc93aabd,0.8158418657565415
n7f8b4a3a57f1099,0.05873151308304892
n7f907364f000788,0.7295221843003413
n7f99a207eb139a9,0.3366040955631399
n7fa41517cfc7d12,0.3651877133105802
n7fae80e356193a7,0.6291240045506257
n7fdb7263b273109,0.6972411831626849
n7fdc1c535138ba7,0.9104095563139932
n7fe9fb20ed64028,0.27773037542662116
n7ffa963e303205f,0.3457053469852105
n800b16c7a9f44d0,0.18714448236632536
n8011cc5fab8a0f3,0.0709613196814562
n801c6f28aa408f1,0.0507679180887372
n80233a9b1201a6f,0.649032992036405
n802858c24ee7cc7,0.28071672354948807
n802ad96e1aed05e,0.9274744027303754
n802c50e4186c671,0.6928327645051194
n802ca17a34a9143,0.07380546075085324
n8032ba46b8ef950,0.37812855517633676
n80398c93ec87a6f,0.2568259385665529
n803c4028a2fd54b,0.6875711035267349
n8043de401df945c,0.8421501706484642
n804bf7d30838f7a,0.18956200227531286
n804d3fb973f1606,0.935580204778157
n805635bc0353728,0.06598407281001138
n805cbd5f50a3329,0.2626564277588168
n805e2071b94fddc,0.5226109215017065
n8062229c885c9c9,0.32920932878270764
n8062bf8e106a9f1,0.9553469852104665
n806a1670a8ebb8e,0.27588168373151306
n80717484d3b87ca,0.4126848691695108
n80843100fe016ac,0.8836746302616609
n80870b842305bed,0.6524459613196815
n809cd1f2709d73f,0.7367747440273038
n80a2a7ce0d094ce,0.46103526734926054
n80ba6dec1f3614d,0.927901023890785
n80bea7febb79265,0.2832764505119454
n80c194838596b97,0.3998862343572241
n80d931e9e2a7fd5,0.0001422070534698521
n80e038ebacd2430,0.8889362912400455
n80e42177b00506a,0.3949089874857793
n80eab6593da9e71,0.7408987485779295
n80f740079611c8a,0.2886803185437998
n80f80472a282d89,0.9694254835039818
n80fa41404e6fa85,0.5068259385665529
n80fca33c992ef22,0.8458475540386803
n81013a1907e5884,0.6710750853242321
n81097c23646149b,0.699943117178612
n81197ff85390a40,0.26436291240045506
n812ace102c9c7c4,0.7940841865756542
n81302467b0237f1,0.955773606370876
n81350c4c0a847f8,0.8502559726962458
n81403c814bf5474,0.5678327645051194
n814ea358b07c13b,0.6525881683731513
n815bbd7bff6727c,0.16140500568828214
n8168cb899baa009,0.8831058020477816
n817712a14b37fdf,0.6609783845278726
n8177ac0dbb2fa37,0.5042662116040956
n817a498a6bd76ee,0.30304323094425484
n817d767764e1b6c,0.6968145620022753
n8186bf8a6e187a7,0.2342150170648464
n8186cd791eda10c,0.2598122866894198
n81970a6a62348a2,0.17107508532423207
n81997708ed3f1ad,0.14234926052332195
n81a08d2af099409,0.3501137656427759
n81a4f29c8c9009e,0.21800341296928327
n81b097e49341403,0.5827645051194539
n81b6acc6d565d2a,0.06100682593856655
n81c68dc6e98178b,0.4138225255972696
n81ce57b79f5127f,0.1746302616609784
n81e2a1de48cbc66,0.9170932878270762
n81e7990cf4d0750,0.29763936291240045
n81ec5b984a6b02d,0.1184584755403868
n82055ae61032253,0.46871444823663255
n8207fc8cbe011c6,0.3646188850967008
n8209bc1e67b2687,0.2731797497155859
n820c96ebc2b5a43,0.784556313993174
n820fb4f8a58d4a3,0.5371160409556314
n821628fcbcb8c72,0.08176905574516496
n82216a735d4fd54,0.03427189988623436
n822495b10c96b51,0.12357792946530148
n8226954c97df300,0.8494027303754266
n822a182428e3359,0.8129977246871445
n822aa106063a194,0.17164391353811148
n824814579a6fcb7,0.04223549488054607
n824b4be8874d98d,0.9822241183162684
n8256ab1d3962208,0.6870022753128555
n827c8ee869d986b,0.8212457337883959
n8281dc600ee67ec,0.05304323094425484
n82838b707a548a5,0.019055745164960183
n8289c60ba4c0a3e,0.9847838452787259
n8291e5962b0522d,0.4023037542662116
n8292090ebaf8b66,0.11959613196814561
n829de9363f012ea,0.36746302616609783
n82a55f862813bd8,0.939419795221843
n82a82b6f389df78,0.11689419795221843
n82bf11392f3110d,0.1291240045506257
n82d628a2f791875,0.5415244596131968
n82e5e0bc50050c2,0.7494311717861206
n82e5e28e3ee1430,0.30446530147895334
n82fef09e45d1c25,0.6224402730375427
n83033a8bfe89dfd,0.290386803185438
n83075b5e401e21f,0.4877701934015927
n83308c7301716b8,0.09570534698521047
n83348e8cd3ba4d4,0.13339021615472127
n833912c58007f87,0.8916382252559727
n834b449c2edca80,0.37656427758816835
n834b79b4ab994f5,0.8283560864618885
n8355d6608eb8ae4,0.024459613196814563
n836d99dfc9f6e4a,0.2229806598407281
n837263f148ea889,0.9321672354948806
n837dadfc04d6e11,0.2761660978384528
n837df446deccfd4,0.23094425483503983
n8383ed20ded22a4,0.1342434584755404
n83902ba6c8639d9,0.25042662116040953
n8393ee14f3f2ef6,0.4630261660978385
n83ac0f2fa3af875,0.21729237770193402
n83b12c509fb052c,0.47696245733788395
n83b671a8387f7a3,0.7141638225255973
n83c79c1d6739832,0.5285836177474402
n83c9030ffe795fe,0.773037542662116
n83c9f54f128f743,0.2514220705346985
n83ccd3880709650,0.7825654152445961
n83cd7e43fb5d17f,0.37044937428896474
n83cf92a52882d5b,0.0406712172923777
n83ddab4fc2c508e,0.21387940841865757
n83e37de6d1d26b8,0.311575654152446
n83e3ac535765993,0.21899886234357224
n83e65a191d8af86,0.6213026166097838
n83e9767961992cc,0.48321956769055746
n83f9ee2b5f32bcf,0.3705915813424346
n840434e73d4ff41,0.35878839590443684
n840d848cea23033,0.31697952218430037
n840f20a7ce2878d,0.6993742889647326
n841fc2b90841815,0.02844141069397042
n8428c17d62ffe57,0.1606939704209329
n842c889a4ade964,0.7798634812286689
n843073da379a11b,0.5268771331058021
n84311581671f6e8,0.09186575654152446
n8431b993c53bfe3,0.8011945392491467
n843393879888020,0.8139931740614335
n843e578742e9b72,0.3040386803185438
n8443b4c687c91fd,0.9333048919226393
n844b0819e951a1e,0.7609499431171786
n845ae3ad99db6b5,0.09072810011376564
n84633e44abb4c54,0.2549772468714448
n8470b6d313b63d7,0.33347554038680316
n847410bb79288d9,0.21572810011376564
n847c651c91fd92c,0.610494880546075
n8498f1074f3c2a9,0.32707622298065986
n849f36b1e4a05e1,0.21274175199089876
n84c3a8424a262fb,0.03313424345847554
n84c7d72185b4c80,0.6552901023890785
n84cdb3e36236472,0.8455631399317406
n84d1db038a5ef07,0.7390500568828214
n84deb6b2151fd82,0.9930318543799772
n84e4aa045110e52,0.34613196814562003
n84f10dc0c397606,0.34001706484641636
n850d3e70ce55240,0.7143060295790671
n850feaed7b25690,0.8879408418657565
n8514df07e427d75,0.6137656427758816
n852254361d9cfab,0.7125995449374289
n852516e919b9526,0.38424345847554037
n852a5ac11fb21b5,0.504835039817975
n852e45f5974bc1b,0.14306029579067123
n85318ddd76463b2,0.9493742889647326
n853552f79837cbd,0.49360068259385664
n853c7627a4b022f,0.27801478953356085
n85432be24ac6544,0.9938850967007964
n8548f3c66785db5,0.27602389078498296
n855a8ecd18614ec,0.2003697383390216
n856a55ba39fb07d,0.5008532423208191
n856fc93fd6e8819,0.3203924914675768
n858583c8ff289a0,0.07366325369738339
n8592030c9e6072c,0.44610352673492604
n85d2f19178602d3,0.6916951080773607
n85d79228427e8d7,0.7737485779294653
n85d9dfd5207bcdf,0.6295506257110353
n85e44dff21ff928,0.054323094425483505
n85eec39c7e9e7e5,0.5601535836177475
n85faf50c13eb15a,0.13168373151308305
n86034c323a4ca52,0.3249431171786121
n8603eb78c311ca6,0.9856370875995449
n861d07b883e3986,0.18657565415244595
n861d9606813b19a,0.7350682593856656
n861ec3606229dad,0.9766780432309442
n8622e3c942a0988,0.6333902161547212
n8634c8c02f76ad9,0.11205915813424346
n863f60113c8d53f,0.7197098976109215
n864d4a927d03622,0.7157281001137656
n8652c2f4114700e,0.7266780432309442
n8657c311cb88477,0.05247440273037542
n865b164e1f3af2b,0.5106655290102389
n8662d8a372f6f89,0.819254835039818
n86642264f37772a,0.8599260523321957
n866a2f76cc58377,0.9091296928327645
n866ca9327a58a02,0.5809158134243458
n866e83ce3c1e6d8,0.9065699658703071
n8671ebb000add0c,0.17306598407281001
n8674ceb180576e0,0.02502844141069397
n8675b860b531971,0.8107224118316269
n867e4ccf48f9b34,0.4246302616609784
n8682a33d3f388be,0.7103242320819113
n8685492fa4d051d,0.9944539249146758
n868a0bb76fb3c7d,0.35409556313993173
n868adbec369740e,0.5344141069397043
n8692c530fe4544f,0.5189135381114903
n86a11f40b114fee,0.9947383390216155
n86a43d4006e3eba,0.2155858930602958
n86b46cf9a338ab8,0.5738054607508533
n86ceb9ccbf7dbb7,0.77886803185438
n86d82fc34ec9eae,0.05133674630261661
n86e8af5fa76c726,0.8650455062571104
n86ea05a7a35cfbd,0.6143344709897611
n86ed8abe11f687c,0.31641069397042093
n871754d42087860,0.24431171786120592
n871bc0e428f29bd,0.629835039817975
n871e268ec8b29c5,0.6161831626848692
n871e7a7203f2e05,0.6921217292377702
n871f438266aec1a,0.9513651877133106
n87353eedb0a290f,0.5318543799772468
n8735c860e81b5a0,0.18387372013651876
n8749e582c6f25ce,0.6022468714448237
n87578b74527f80d,0.622155858930603
n8759952dcd80abb,0.6416382252559727
n87636ea16ef323a,0.3424345847554039
n876903db7d01965,0.4729806598407281
n876af491bff1eca,0.4035836177474403
n8772ded0685a020,0.9158134243458476
n877474ac460db23,0.9451080773606371
n8783ee6ca3832fb,0.4576222980659841
n878c7584c14888a,0.12215585893060296
n87a52f427e8d1a5,0.011803185437997724
n87ac506be20593b,0.8511092150170648
n87c2a948c6983fe,0.5777872582480091
n87d2a05d0999e16,0.48649032992036406
n87d3c2763350732,0.6419226393629124
n87de7df7caa48f8,0.10011376564277588
n87e3db756d15311,0.03996018202502844
n87e5d70d1585097,0.16225824800910124
n87ed4809cbfb08c,0.8084470989761092
n87ef7e11728cb99,0.5122298065984073
n87f5aa545dac1c3,0.444254835039818
n87ffb6dd9b367f7,0.35338452787258245
n880253014f0b29a,0.6353811149032992
n880cfb7ffd08b8d,0.35565984072810014
n880f9591bcf035b,0.7920932878270762
n882556a21162d98,0.9081342434584755
n8825adcd7e40b93,0.5604379977246872
n8827437f74ed95d,0.6110637087599545
n882e2f600746661,0.9712741751990899
n882ef06aabe93c1,0.4065699658703072
n883a74f6319b35d,0.2933731513083049
n8843cbcf68761df,0.51919795221843
n88445734d9fffef,0.2895335608646189
n8847e180dfb2bdd,0.4242036405005688
n8854804f1750cf4,0.12571103526734925
n88815c82e0f92ba,0.16168941979522183
n8885500ff484ec6,0.8738623435722411
n888b94dffe5f08a,0.2330773606370876
n8892f85322b62c5,0.1804607508532423
n88a87bb5b463840,0.6130546075085325
n88b01b7b1119a58,0.5746587030716723
n88b7a9185588ad8,0.12670648464163822
n88b94bb4285ec23,0.684584755403868
n88c1fc83614960c,0.8744311717861206
n88c864730d52b36,0.23122866894197952
n88d5819bac62f0e,0.47013651877133106
n88e0c77a140773c,0.8196814562002275
n88e94725a2bf6be,0.9692832764505119
n88ec54ecacacbf4,0.5045506257110353
n88f1d63cc23eb9d,0.1356655290102389
n88f4e7b6fa8823a,0.03299203640500569
n8907d533bcca7dd,0.8545221843003413
n8909c75e8f39d0d,0.511518771331058
n89248d8b1826474,0.9389931740614335
n893d4750bca83a1,0.9725540386803185
n893d689ee94de0c,0.13011945392491467
n8952b3598e8cd5c,0.4308873720136519
n895a08ad98e57e4,0.8930602957906713
n895c49c418fb8b1,0.410551763367463
n896b1fea522153e,0.22312286689419794
n896df95d9f13864,0.5620022753128555
n897e331d5d0fbc3,0.915386803185438
n8981a66d05cfe13,0.8559442548350398
n898926a9120f51d,0.7710466439135382
n8994ba003b1adc8,0.9030147895335608
n899879fd1043190,0.5130830489192264
n899d27f96a29344,0.4685722411831627
n89b31d2140f0db4,0.8370307167235495
n89ba37ac5fbaf7d,0.5065415244596132
n89c741c3fe7f15e,0.05162116040955631
n89ce528363a4eeb,0.8439988623435722
n89d623d798c415f,0.23193970420932877
n89dd88435752c90,0.37670648464163825
n89e384451e814bd,0.9813708759954494
n89f16bc264e8988,0.15728100113765642
n89fef2601511a50,0.9438282138794084
n8a0202aac1683e6,0.0875995449374289
n8a0d2263df64c7e,0.5733788395904437
n8a10dff6e01dc82,0.9126848691695109
n8a157c94a111bad,0.6652445961319682
n8a28a5f2b2ed405,0.2063424345847554
n8a2e155cb15c336,0.3924914675767918
n8a35e1b4d2cb186,0.4583333333333333
n8a3f40d240145f7,0.8193970420932878
n8a57798e7121a0c,0.13850967007963594
n8a5ca924d9a0c8d,0.7835608646188851
n8a606c320904efd,0.9853526734926052
n8a63d914b5f977e,0.0031285551763367463
n8a8955474280549,0.9707053469852105
n8aac96c83384485,0.714448236632537
n8abed559b126e46,0.050341296928327645
n8ac1d71be219340,0.4367178612059158
n8ac721f3e48027a,0.6662400455062572
n8ac9d28343c42bf,0.783703071672355
n8acf09358dbd882,0.9752559726962458
n8ad400fca9e5481,0.2529863481228669
n8adcd62658ae216,0.2754550625711035
n8ae84e0e1492df6,0.20719567690557453
n8ae8c7d4e522a35,0.7118885096700797
n8ae97f11512dc1d,0.020904436860068258
n8ae9b17d84c71ee,0.7202787258248009
n8af37e3364a611f,0.31072241183162685
n8afb1cae99c2804,0.32437428896473264
n8aff9ad741f89c0,0.013794084186575654
n8b087055a37d233,0.05844709897610922
n8b08df7df8bfb6a,0.7480091012514221
n8b0beeb0a828cc7,0.853811149032992
n8b1175e1c547cde,0.700938566552901
n8b23d3ab955b7ac,0.19397042093287828
n8b32610b0018385,0.24971558589306028
n8b3a7abfa6c84b6,0.5639931740614335
n8b3cef5cb69668d,0.8472696245733788
n8b3d4a0f9fd3edc,0.8134243458475541
n8b4fef9d37610b1,0.3876564277588168
n8b5d70ea7e9c03b,0.12016496018202504
n8b60490817fa13f,0.9187997724687145
n8b637985779c1e9,0.7465870307167235
n8b73690a69d34a4,0.9607508532423208
n8b73d0acdddac90,0.59613196814562
n8b85b19311773bf,0.8142775881683731
n8b8c24e99df0fef,0.9891922639362912
n8b8fe3eeacc0546,0.38026166097838454
n8b9129c2b97a3d5,0.07408987485779295
n8b93e6ef10f7f7e,0.5853242320819113
n8b9ec7637b211aa,0.9974402730375427
n8ba0e75a77950ac,0.5870307167235495
n8ba88ede163d8ca,0.2901023890784983
n8ba993f32505440,0.8147042093287827
n8baa756081b3ac1,0.3858077360637088
n8bc33ac16e87952,0.6077929465301479
n8bce65c096f638a,0.1582764505119454
n8bcf8cc11942513,0.007821387940841865
n8bde357c75030de,0.6884243458475541
n8be2dea48641120,0.07622298065984073
n8be917113364343,0.8515358361774744
n8bf11a497fc4a3d,0.5108077360637088
n8bfe5f415ff01e3,0.3822525597269625
n8c0f50ee2d9982b,0.5979806598407281
n8c1d53ae6181fce,0.5553185437997725
n8c1e06b1b13dbd8,0.8963310580204779
n8c21672b439314e,0.888509670079636
n8c2d7dae50cd7c1,0.9660125142207053
n8c32ec9fbfdac4e,0.9796643913538111
n8c3ec04377b3125,0.9661547212741752
n8c4f47224345ea8,0.08390216154721274
n8c57099e6d57d16,0.382679180887372
n8c5d9e62942925e,0.5328498293515358
n8c72124afe83759,0.8603526734926052
n8c80961a66ae351,0.5986916951080774
n8c87fe16c373aff,0.22013651877133106
n8c955467fa41967,0.6848691695108078
n8c9ab27fc74c783,0.6478953356086462
n8ca78ede0ca4a13,0.5934300341296929
n8cbd7b23222d2ed,0.7925199089874858
n8cc16026f476577,0.11277019340159272
n8cc57598b05256b,0.8077360637087599
n8ccfd942aaf8236,0.9406996587030717
n8cd79048b3a41eb,0.03512514220705347
n8cd859a27b10472,0.3886518771331058
n8ce445e67b96b45,0.734641638225256
n8ce7f96951944ab,0.28668941979522183
n8cec90b123e545d,0.4960182025028441
n8cf0387df53a013,0.5560295790671217
n8d01075c69ade92,0.09158134243458475
n8d03afb429f8b8a,0.7373435722411832
n8d071330fb5f433,0.36006825938566556
n8d099fe8f11ba38,0.07536973833902162
n8d117dffda9a194,0.5839021615472128
n8d1acf6a0cee848,0.4985779294653015
n8d2af6b02c82e54,0.20321387940841865
n8d2f7992d844cd9,0.6844425483503982
n8d3154d87c5e473,0.45676905574516496
n8d395e0906c9376,0.7029294653014789
n8d3cacb8d8a6ce5,0.6733503981797497
n8d3e9aba594337b,0.35964163822525597
n8d5c0206813beba,0.11433447098976109
n8d5e4c4ec94ce49,0.9010238907849829
n8d6256eefc9d383,0.5625711035267349
n8d66ffee98c7c35,0.5703924914675768
n8da348095cceda2,0.6251422070534699
n8db84244c254d4a,0.7276734926052332
n8dbde07aff593fa,0.9597554038680318
n8dc2073fa905db4,0.8034698521046644
n8dc55586b8bbf64,0.5034129692832765
n8ddcd0652330cb0,0.5255972696245734
n8deb4b242bb5475,0.9705631399317406
n8defda8a32908da,0.9729806598407281
n8df6b8cab8133dc,0.30773606370875994
n8dfdcd8c9366689,0.5767918088737202
n8dfe342f3f1b689,0.95193401592719
n8e00b60ac17ce12,0.062002275312855515
n8e03d14d84d1428,0.30019908987485777
n8e0f69bb06dc092,0.09926052332195677
n8e1a8860109f7d1,0.45236063708759955
n8e31c26a24a4cae,0.5520477815699659
n8e3cb0a7e51d66d,0.26820250284414104
n8e53636ec77ed91,0.8401592718998863
n8e5966461825e87,0.0007110352673492605
n8e5c4687fc3c082,0.9223549488054608
n8e61206a700d4a8,0.4495164960182025
n8e776fe47ca71c6,0.14149601820250285
n8e7bb7ae4b4c033,0.9397042093287827
n8eab00827624823,0.04977246871444824
n8ead0ffcf3d48af,0.5581626848691695
n8eb6509bb96e475,0.14860637087599546
n8ee279e2597e246,0.37599544937428897
n8ee8ab63c6544ee,0.9173777019340159
n8ef92426021b4ee,0.8717292377701934
n8efcd6dba4bacbd,0.768202502844141
n8f075459857bbcb,0.9610352673492605
n8f0ccf98b0389c2,0.8631968145620023
n8f20f4d223acb52,0.5823378839590444
n8f28f6e6c11720f,0.9918941979522184
n8f2efd9deb56cb5,0.17050625711035267
n8f3b21fc6014812,0.5310011376564278
n8f5418070770c51,0.9621729237770194
n8f58ae5cf83577a,0.42889647326507396
n8f58b1772b5c33d,0.6248577929465301
n8f5e82222d322e6,0.20506257110352674
n8f67912636c0f93,0.6093572241183163
n8f8a659a0fc719b,0.3449943117178612
n8f9409f3a9f8342,0.41652445961319684
n8f9d6424b23d0b1,0.601962457337884
n8fa95b560635aac,0.4213594994311718
n8fbae2185da2275,0.8229522184300341
n8fc45e82c0f983e,0.43629124004550623
n8fd842df35dc684,0.15187713310580206
n8fdab965527c224,0.3084470989761092
n8fdc2af2708db90,0.9968714448236633
n8fe16651bd98290,0.6572810011376564
n8feb42f654d2b7f,0.5300056882821388
n8ffa40a7d2a7b63,0.931740614334471
n8ffbe94b145f0e5,0.7993458475540387
n904c36ff47907a0,0.8781285551763367
n90556ff20dd0691,0.9352957906712173
n905e43cbf9527c8,0.24957337883959044
n905ec450e7bf5f6,0.648037542662116
n905f856077baa84,0.3155574516496018
n906b828a8c87ec0,0.27445961319681456
n906c91029ebc60c,0.2464448236632537
n907b6e5bae44fa9,0.5893060295790671
n9093b376706d6bd,0.13936291240045506
n90988a5e57a8514,0.17505688282138795
n90a142a0753fa17,0.2992036405005688
n90af54523c9ede5,0.7872582480091013
n90b428f8f4fbf6b,0.9492320819112628
n90d00ced85840ed,0.3841012514220705
n90d67c08872c949,0.6601251422070534
n90da149f286f5d5,0.3988907849829352
n90dece2cb5a7505,0.6309726962457338
n90e558921d2c7ca,0.5079635949943118
n90e8480c25d9828,0.20008532423208192
n90f3d77c6d998b2,0.15386803185437997
n9110c3498f284e1,0.5456484641638225
n91240d0d896c0b1,0.7007963594994312
n912c8adab2225db,0.08589306029579068
n912e34354f5ac5f,0.9726962457337884
n9132b8e003bb21f,0.7079067121729238
n9145d067055c0cd,0.8572241183162684
n9148e6d921235ac,0.7400455062571104
n9166dec905f63aa,0.875
n916bda3708c7258,0.9300341296928327
n916c8a57465591d,0.1793230944254835
n917c3c1cb18aaf2,0.3539533560864619
n918c9a9f2de077b,0.7707622298065984
n9194d8cfbaf2c3c,0.4416951080773606
n91a0e9f14c0f692,0.5022753128555176
n91ac1d4671a118a,0.15244596131968147
n91af14aede3a215,0.7619453924914675
n91b709de53556f7,0.9197952218430034
n91c8ba9d1936ac4,0.992320819112628
n91ce0b40428dda4,0.11646757679180887
n91d3eea9c85f438,0.7754550625711035
n91d840f98719a3c,0.1255688282138794
n91dea4144aa6646,0.0035551763367463025
n91e9b77ae27e485,0.16552901023890784
n91f33a909b82098,0.1686575654152446
n91f3da9b3bc347e,0.2593856655290102
n91f44ae85a0e053,0.47226962457337884
n91fa7df4e8081c4,0.799061433447099
n91fdf4b6e57092d,0.21217292377701935
n92026b95eb4f2e2,0.9594709897610921
n92063eeef5fb2c3,0.6589874857792947
n9207435c6322550,0.31726393629124006
n9211c453fe3dc72,0.407707622298066
n923b331787ba039,0.23563708759954494
n924726ab0bbb5c1,0.0706769055745165
n924c4fd3ee5f989,0.22994880546075086
n924d56c9817a0c7,0.97113196814562
n926efcf269ceda0,0.3550910125142207
n92712a63a762a4d,0.6946814562002275
n9281a1d6aa13499,0.7583902161547212
n9289f15cfff3700,0.42448805460750855
n929c341ea4b38c3,0.4370022753128555
n92a4894e27ec444,0.07764505119453925
n92a7f6e9180b619,0.5945676905574516
n92b5a19455f6f73,0.13282138794084186
n92c1603cf9d227e,0.13438566552901024
n92c4e4383faca9e,0.5218998862343572
n92cefb02befadab,0.49573378839590443
n92d2b65f84449b5,0.8946245733788396
n92d7bd330c5fc14,0.800910125142207
n92ec39a37a0e0b0,0.181740614334471
n9309c3c9f61c0c5,0.7305176336746303
n930eb4f0e1ef7a3,0.21003981797497157
n930fda2c463d74c,0.17178612059158135
n93107092f05655d,0.011660978384527872
n9314dff3718d457,0.6847269624573379
n931da6ef85a2d1d,0.5058304891922639
n9324ae185dafe2c,0.05332764505119454
n9324dec1ef6f3ce,0.19069965870307168
n932dc63f29e8a9a,0.8094425483503982
n933dc958fd44a33,0.6055176336746303
n93582a95e20e1ad,0.6962457337883959
n935c7d5834fca93,0.11234357224118316
n9364ffd4cc15a9d,0.12940841865756542
n9369a6c91dc7e9a,0.9057167235494881
n936f56f63669b24,0.2396188850967008
n936fe4db50866c2,0.4677189988623436
n937edeb4776b30c,0.5061149032992036
n93804d8c5710987,0.8121444823663254
n93a1408897bab37,0.6133390216154722
n93a27edc5e26674,0.7905290102389079
n93a5ec5c51c1e13,0.9839306029579067
n93a722599467c49,0.237485779294653
n93a87911644353f,0.7606655290102389
n93c6898b6d04d7c,0.10551763367463027
n93c6addba25b768,0.4448236632536974
n93cc4cf12b58c22,0.09840728100113766
n93ce09d862507bc,0.24559158134243458
n93fcff9759c1d4e,0.727957906712173
n940a79ff34d08bc,0.8964732650739476
n941c673aae779e8,0.9536405005688282
n9421c544f19e82c,0.5624288964732651
n9425821f75205db,0.8195392491467577
n9429736755db62b,0.8046075085324232
n942cf193a8c4018,0.9277588168373151
n9430ae16ddc6033,0.5095278725824801
n943fc5a8f08a1d4,0.04109783845278726
n94677cfdf4162cb,0.270193401592719
n9469aef198e20f1,0.313424345847554
n946f0eff959b796,0.49957337883959047
n9478e14ebdc12f4,0.42662116040955633
n947eb610e6e9314,0.8587883959044369
n94802c406360570,0.2458759954493743
n949e51e2f8c22b1,0.647042093287827
n94a0e5f51701a27,0.38794084186575656
n94a73ce387bc5bf,0.057309442548350395
n94aaf9db167f07e,0.6476109215017065
n94ab50052e1a24b,0.5126564277588168
n94b1d39fc282936,0.8747155858930603
n94b37f30f6e1a4f,0.37727531285551763
n94b87965a751391,0.5275881683731513
n94bae96953def3b,0.3058873720136519
n94c6ea3abde451c,0.34911831626848694
n94c982cea56b093,0.4937428896473265
n94cf6de697d961a,0.5920079635949943
n94ed7a06c459ce9,0.38879408418657563
n94ee37cc17da027,0.46188850967007966
n9502c2410b6e7ba,0.8654721274175199
n95181130bc3bd67,0.8968998862343572
n9530a941c191e06,0.585608646188851
n9531d4ffd5395f9,0.7369169510807736
n95335a6a7ca3796,0.23919226393629123
n9535ce045faacc8,0.7626564277588168
n9536dd4c79f9ea0,0.29180887372013653
n95455fd477c5149,0.6511660978384528
n9553b0043334775,0.44368600682593856
n95574cbf13b1495,0.9079920364050057
n955c18a319bbb7a,0.6838737201365188
n957f6f25983df00,0.0017064846416382253
n9583bb9b645a350,0.0270193401592719
n9586a43a83164cb,0.7404721274175199
n95a4588019d4fa2,0.34101251422070533
n95a577f54d81256,0.6050910125142207
n95a5a6d7887e6a6,0.48620591581342437
n95a6060da573679,0.5496302616609784
n95aae1928122600,0.6897042093287827
n95ab52bb9def606,0.6457622298065984
n95b7b652129cb54,0.030858930602957906
n95bd225fedb27a8,0.975967007963595
n95c260381e55848,0.2674914675767918
n95d2a4d1aa94bf6,0.23506825938566553
n95e357014a08bc7,0.09513651877133106
n95e727fa6f26070,0.7687713310580204
n95fad676893a240,0.987485779294653
n960105ac71f1751,0.8976109215017065
n9603387225a8cb7,0.6861490329920364
n96122fa530136e3,0.8124288964732651
n961abd39a484c73,0.006683731513083049
n961e6ab1735b344,0.11660978384527873
n9633e3cd2ff60d6,0.8842434584755404
n963db3a6e98399e,0.043515358361774746
n963f8ed221798fc,0.2161547212741752
n964c62de1983b2f,0.9687144482366326
n96525d17c61cdec,0.8449943117178612
n965b90056707830,0.8623435722411832
n966e7656e898612,0.05602957906712173
n9670ef7e4cde6db,0.33276450511945393
n9685df510218e4f,0.6517349260523322
n9695eb05c487ae8,0.19084186575654152
n969ae8452754214,0.6491751990898749
n969fee7791aa4a3,0.8360352673492605
n96a0956fc22accd,0.5770762229806599
n96a825f603a511b,0.5210466439135382
n96aec6545eb5228,0.5612912400455062
n96afc1b24314b42,0.22781569965870307
n96c875dc763d4f2,0.20435153583617746
n96ce9aec595921c,0.18828213879408418
n96cf3151890b270,0.033276450511945395
n96df528d4a7c7ff,0.8505403868031854
n96ea257bc4699a7,0.3447098976109215
n971af70f98fdf0d,0.4350113765642776
n972d5b188893846,0.7932309442548351
n9757d046979fad7,0.7591012514220705
n9761a703ea429e0,0.3619169510807736
n976903e900b67cb,0.6924061433447098
n976b012cd52e327,0.04294653014789534
n977e518103a843c,0.6045221843003413
n97881020c864f81,0.0638509670079636
n978e6408a2a4624,0.49032992036405004
n979432d32ba6310,0.34257679180887374
n97a9fc2b6a956bf,0.48094425483503983
n97ae52044d8c32c,0.5362627986348123
n97b5769e1ec3f0c,0.521188850967008
n97b972c64e798ad,0.3747155858930603
n97ca4c7ddb71a59,0.9782423208191127
n97d16539152e6b2,0.18885096700796358
n97d2ac5703d7eea,0.27261092150170646
n97e1e579a17134b,0.2117463026166098
n97ec45feb53df7d,0.31129124004550623
n97ec57c093dc1c5,0.6468998862343572
n97fad6edd97b4bc,0.6417804323094426
n9809f9d3605b0c1,0.8347554038680318
n980c4d97b3948ab,0.3375995449374289
n9819616c97947eb,0.43572241183162685
n981e685ec21bb07,0.26578498293515357
n98280e4c4f5e369,0.7488623435722411
n982e14d008d1cc9,0.6881399317406144
n9832b9def1b7607,0.06186006825938566
n98437b7053f820a,0.2554038680318544
n986569d135bf147,0.8892207053469852
n988420a255410aa,0.02630830489192264
n98877485d916cd4,0.12372013651877133
n98971e092e5b33a,0.3703071672354949
n989b8f4c9b578d8,0.35992605233219566
n98a2f0d65f85f0f,0.5186291240045506
n98ae1bd835aeaf3,0.5190557451649602
n98afb62abe9ebd0,0.6574232081911263
n98b3290ba26d32b,0.10665529010238908
n98b787c76acf153,0.04579067121729238
n98cc625e7bfd157,0.8488339021615472
n98d197ef7231d45,0.2197098976109215
n98df7f47cf8f680,0.6321103526734926
n98e5a7cd430d998,0.517349260523322
n98e6ca86a862b91,0.4253412969283277
n98ee87535ba4ea8,0.674061433447099
n98f2c29f0db303f,0.5691126279863481
n990015087b3bc81,0.9967292377701934
n990ac3c4bdbe9ce,0.399032992036405
n9913551cf57d8e3,0.2619453924914676
n991f60ac51b3f2f,0.15045506257110353
n993003620377c7e,0.31783276450511944
n9933396aa2e51c4,0.6198805460750854
n994b1c015a5588f,0.3340443686006826
n995abeb7b161e82,0.7895335608646189
n995df1388884911,0.3602104664391354
n996397d3dd25211,0.36945392491467577
n996cbdcaffd26e0,0.5004266211604096
n9975ecfabdc5e5b,0.7026450511945392
n99791b89f339f1b,0.45349829351535836
n99807d82c96ce3d,0.8165529010238908
n9981b0fcf7738e0,0.145193401592719
n99849b0b78a17fe,0.275028441410694
n9985d4e57a82639,0.8255119453924915
n99944f6341fb5bd,0.11589874857792946
n9995189699f8f7d,0.11447667804323094
n99979d41cfeee02,0.013367463026166098
n999e299f8500e34,0.8435722411831627
n99a0686069dbbcc,0.6450511945392492
n99a0fdd2ac9cf94,0.3897895335608646
n99ab2fa76d3cac0,0.4323094425483504
n99ac1fab1e500a1,0.4459613196814562
n99d820bdaf2deff,0.3728668941979522
n99dfa114c6c899e,0.5465017064846417
n99f8f9ee502be69,0.05674061433447099
n99fe95b0a122ac0,0.31612627986348124
n9a0bdab58e722e7,0.07522753128555176
n9a1218d2244636d,0.41396473265073946
n9a2dbd3c182d6b5,0.9957337883959044
n9a32f621c8dccb8,0.4917519908987486
n9a358f9d886c3be,0.5861774744027304
n9a39273f46c0146,0.11518771331058021
n9a3b1f4021c18b5,0.7020762229806599
n9a4c2b6e6d4d2cb,0.9785267349260524
n9a64ee95fa78f55,0.9205062571103527
n9a653b9be9ea217,0.5234641638225256
n9a6bc6b68540052,0.25696814562002274
n9a79a12e4ae5a4a,0.42775881683731515
n9a8668acbd8d178,0.05930034129692833
n9a9f0d95baa1024,0.420221843003413
n9aa69867f491108,0.008390216154721275
n9aa7f2ec09c469b,0.9000284414106939
n9ab93ab1abd1981,0.06754835039817975
n9ac18930e831d2b,0.8905005688282139
n9ac2ed40ecfa972,0.5409556313993175
n9ad6ed2e149c379,0.15713879408418657
n9ae01bd277f0ebb,0.08887940841865756
n9ae0e91df6bf333,0.9428327645051194
n9ae22daa7fcee11,0.41282707622298065
n9aea5fa6abae352,0.19283276450511946
n9af0be415c5a37c,0.9641638225255973
n9af397f617b3df5,0.553896473265074
n9af5ef7c810cfb7,0.42989192263936293
n9af8313c762e1c3,0.5001422070534699
n9afea76bb59c579,0.21416382252559726
n9b00b41d865dc0d,0.6902730375426621
n9b0427610800477,0.925910125142207
n9b05f80278be2ac,0.8880830489192264
n9b1c345b3e2c2ac,0.6345278725824801
n9b319d52c1189ef,0.41325369738339024
n9b36d2a605dbd99,0.7929465301478953
n9b3815491e09b22,0.026023890784982934
n9b3f9766980357b,0.31242889647326505
n9b402ea7cf43b99,0.8686006825938567
n9b4123a86cc244d,0.6031001137656428
n9b419d64fa1a13c,0.573094425483504
n9b46edff852e16b,0.23023321956769055
n9b474e97225aea1,0.024601820250284415
n9b4cad6e591a36b,0.0075369738339021615
n9b5ce2c446d8b13,0.4069965870307167
n9b6fbd3ff1921c9,0.6336746302616609
n9b6fc5bea133bee,0.11945392491467577
n9b795403a3cd209,0.013651877133105802
n9b7f12d7f4e6271,0.3532423208191126
n9b81d194ede253c,0.6473265073947668
n9b865ba6716f524,0.9358646188850968
n9b9917c0b8467b3,0.7389078498293515
n9b9c29bc11c93d8,0.7406143344709898
n9bb90224175b1ca,0.5779294653014789
n9bbf3f05a55eeeb,0.3752844141069397
n9bc0c0edaa16532,0.4953071672354949
n9bc32ddfa2a2159,0.6195961319681457
n9bd16a5917410cc,0.2993458475540387
n9befffaf7266c35,0.6716439135381115
n9c0870986381ffa,0.4793799772468714
n9c0e7b15bd20761,0.2069112627986348
n9c15d48f7914fd5,0.9185153583617748
n9c1dca215e9600a,0.6234357224118316
n9c26a111a046ebe,0.6429180887372014
n9c382d1fa82ae24,0.00469283276450512
n9c559110b8e9b14,0.5752275312855518
n9c565daa83066f9,0.12812855517633676
n9c595d0ce32ef3d,0.9571956769055745
n9c7352c5c993c32,0.6606939704209329
n9c795b9d1049397,0.9256257110352674
n9c83ee5f3ca7960,0.0474971558589306
n9c88977f7ca8bb6,0.7982081911262798
n9c92a9006f613b3,0.3417235494880546
n9c933cdbe0bf210,0.26919795221843
n9c980d0dcd55a98,0.12428896473265073
n9c98a7d307e379a,0.39220705346985213
n9ca79f23a1291b1,0.9018771331058021
n9cb141002b7ddcb,0.35196245733788395
n9cb28c081f50270,0.00540386803185438
n9cb6a8ac0423c8c,0.6444823663253697
n9cb9eb0c80b5058,0.8795506257110353
n9cc88e256372e92,0.11575654152445962
n9cc9c12767a3d96,0.258674630261661
n9cd0b8826f1effb,0.6619738339021616
n9cfb02662da56be,0.7647895335608647
n9cfdecdd7d2597f,0.20264505119453924
n9d011216b8bf05c,0.2953640500568828
n9d0a1b29571dad3,0.8994596131968146
n9d0c23181a97b84,0.3363196814562002
n9d21df5d81af75c,0.4040102389078498
n9d2bb965df00295,0.1514505119453925
n9d2bd8ea3625fd0,0.8021899886234357
n9d31612988ff605,0.4873435722411832
n9d33b56a10a8f36,0.6857224118316269
n9d4765b5e6c1f82,0.149032992036405
n9d5808922bf9665,0.9017349260523322
n9d5b5118cc3c8b6,0.26763367463026166
n9d67ec86ab4bddc,0.9965870307167235
n9d77388bb2ad7a8,0.5096700796359499
n9d7b5f6b278c052,0.26535836177474403
n9d8a4e0aab4f4a6,0.019340159271899887
n9d940cc171fc1f5,0.10139362912400456
n9d9c405f8434a1f,0.4786689419795222
n9d9f04741541c05,0.6282707622298066
n9d9ffe1c1ebccc2,0.8761376564277589
n9da5ce33c0ce941,0.19965870307167236
n9dac36c6586004d,0.41552901023890787
n9db614792362779,0.01877133105802048
n9dbf27658b76d22,0.8132821387940842
n9dcf408b002aa09,0.5416666666666666
n9dd27689efa819f,0.8997440273037542
n9de0717cd988933,0.025597269624573378
n9de162158d0420c,0.01820250284414107
n9dec86396f95a03,0.8597838452787259
n9df3a92e01cfcf8,0.8414391353811149
n9df4090721d3e2b,0.7862627986348123
n9e02269c9e838b0,0.19468145620022753
n9e026d3bb6b04ca,0.5905858930602957
n9e10b7e41a6eb94,0.9116894197952219
n9e171702ffd3136,0.05617178612059158
n9e1c76bf5b91b44,0.020620022753128554
n9e24b9c7b2f0b8c,0.03811149032992037
n9e2df532961aeaa,0.612485779294653
n9e3eaf16b7dbfe2,0.04195108077360637
n9e4bc34a95fc1db,0.7403299203640501
n9e55d2b175cf52b,0.23848122866894197
n9e56e8dc5c6f1f2,0.91339590443686
n9e5e02d348eb8f2,0.6412116040955631
n9e6146d8b6e1956,0.8304891922639362
n9e650aad32ceb35,0.7209897610921502
n9e6548f3dcd1cd8,0.3414391353811149
n9e76ae77f0a7b67,0.6176052332195677
n9e7fbb8cff16a98,0.7579635949943118
n9e878d19375d8bc,0.03128555176336746
n9e8c0abca02cc74,0.9206484641638225
n9e94b0a9b5a93c5,0.7322241183162684
n9e9d2b237c60cee,0.16766211604095563
n9ea6dd4110ad241,0.20890216154721275
n9ea8c47b7a26b4d,0.8752844141069397
n9eaa43760f64b43,0.36120591581342437
n9eb5411ac770e14,0.5571672354948806
n9eb5812b7af3f15,0.3174061433447099
n9eb5ce2cd7db899,0.33560864618885095
n9ebd14343321926,0.35267349260523323
n9ec168d0d60b71a,0.2652161547212742
n9ee3888de379fcb,0.3604948805460751
n9eeb16247532c96,0.30716723549488056
n9eeb38d97007184,0.7763083048919226
n9eeb3a28b3f0fd4,0.9298919226393629
n9ef04ed9961a8ec,0.20748009101251422
n9ef42f2349ef031,0.3403014789533561
n9ef6b6a82301168,0.45890216154721275
n9f0058c1a2ad342,0.20833333333333334
n9f006bc3b6f37b2,0.3215301478953356
n9f13c8209363ca4,0.23080204778156996
n9f1cc971de86e9a,0.6003981797497155
n9f21f6a00e22f3b,0.8378839590443686
n9f2ff2ddb52dc9b,0.8166951080773607
n9f4208800dc5792,0.8434300341296929
n9f432def7d42b4c,0.5901592718998863
n9f5a091480c6746,0.9840728100113766
n9f644e5024ba62a,0.8405858930602957
n9f6d39c28566d1b,0.12244027303754267
n9f90c9a926ee409,0.33134243458475543
n9f96aaa6aad9c95,0.2859783845278726
n9f9d4c5f22ab266,0.1965301478953356
n9facea7ed1e2cd0,0.7225540386803185
n9fb80397c5cb0e0,0.8523890784982935
n9fc720c5406705f,0.1369453924914676
n9fca2a8fa333bc0,0.07195676905574516
n9fd839059ccecad,0.8070250284414107
n9fd9b2e8d3ee726,0.055887372013651876
n9fdf3a039d284be,0.034840728100113766
n9fe0bf7923e33e4,0.9812286689419796
n9fe3f3c6bb1fd33,0.8636234357224118
n9fed49fe9ca12f5,0.10366894197952219
n9fede74bb1213d0,0.3853811149032992
na0058d3cb6d0dd7,0.5645620022753128
na00e8e10cc880e7,0.19880546075085323
na016b07a41736ba,0.983646188850967
na01fa58bb7a9651,0.0783560864618885
na02345d3e6d05f8,0.3310580204778157
na024f3a0851f72f,0.3627701934015927
na02676f85ea546a,0.4728384527872582
na02913d76ebbfd5,0.912542662116041
na02f0a51c8fe83b,0.8943401592718999
na039e0ba8fce367,0.2757394766780432
na03a6422fe0d7b4,0.8785551763367463
na03d3a08a53e03f,0.6865756541524459
na03ea5d8d9ea757,0.9995733788395904
na03f2745a95ce07,0.8822525597269625
na04c455b3c508a0,0.8437144482366326
na04cff083c8ca6a,0.2868316268486917
na04fd344184a97b,0.35494880546075086
na060748954c2295,0.22881114903299204
na0634afd2bc8179,0.13467007963594993
na070243d90b0a33,0.9640216154721274
na079f402bbbf870,0.5840443686006825
na0849cc3043d992,0.7098976109215017
na0875c6cb514f53,0.7195676905574516
na0a5a1996767423,0.7508532423208191
na0bcf9e46d7796a,0.9216439135381115
na0bd9299cd60dc5,0.9655858930602957
na0c61e189d73883,0.8977531285551763
na0cb0bdb96e5c86,0.800056882821388
na0cdba74bf30dda,0.3321956769055745
na0d32da80d13ebb,0.7379124004550626
na0dd761a4487d99,0.7627986348122867
na0e6b135ba29674,0.8424345847554039
na0e94821bfe3777,0.9781001137656428
na0f4d37df30cd36,0.45406712172923774
na10a142d1d07ab7,0.4492320819112628
na11697137e8b3d7,0.20534698521046643
na1176a02afa13e8,0.329778156996587
na11cb9bb5814939,0.0019908987485779293
na1231e84ddbc662,0.4496587030716723
na12ed5135131622,0.9701365187713311
na13171720b126a8,0.012798634812286689
na13ce74252dccd8,0.13267918088737202
na14eda3054d7fb3,0.6860068259385665
na1550be712f47d3,0.266353811149033
na175b5e1152dcb3,0.982650739476678
na17df1e81801241,0.04451080773606371
na1907647eadcec0,0.025170648464163822
na19be06ef8e5e25,0.5836177474402731
na19dc64100b29dc,0.90386803185438
na1abd9de5e767e6,0.2369169510807736
na1b095d0cd806aa,0.8765642775881684
na1b5c9cadf89b1a,0.7093287827076223
na1ba41bd1c31105,0.6979522184300341
na1c98ff889eda77,0.45861774744027306
na1e5d7096949dd3,0.6678043230944255
na1e73cf2f0691c4,0.26208759954493743
na1eb199267c570f,0.7629408418657565
na1ef7aca3724649,0.26322525597269625
na1f072a46aaadd8,0.09343003412969283
na1f7e660df7ea1f,0.42007963594994313
na20c2066472c4b8,0.9928896473265074
na2205ba451758d1,0.8649032992036405
na232bbd1f214ce9,0.03754266211604096
na2369479dac439f,0.07920932878270762
na23da8bacadb7b8,0.342292377701934
na25edf46a5d6830,0.6862912400455062
na26309a137239cc,0.699089874857793
na273b638f0d7868,0.14846416382252559
na2826ecd379dfcf,0.3963310580204778
na294fa79b0ab914,0.32224118316268485
na2960c411d97235,0.9151023890784983
na29f236173c3e24,0.2642207053469852
na2a002e0a0da915,0.44283276450511944
na2a0326a398c261,0.19155290102389078
na2a61e4293c1fa4,0.5331342434584755
na2a9e5dcf439ec2,0.2825654152445961
na2b36e45fd70d4d,0.9089874857792947
na2c863ead0a3f70,0.055176336746302616
na2cc28ad82a11d5,0.27886803185437997
na2ccda38dcb415b,0.15372582480091013
na2d77a20ff77801,0.5837599544937428
na2de7c20144f818,0.7366325369738339
na2e9b8ca3b9ea60,0.002559726962457338
na2ee60ea01fc207,0.04323094425483504
na2efe433ebdf2c7,0.6136234357224118
na2f98bc41555e31,0.29152445961319684
na2f9bf245e35c2e,0.7244027303754266
na2fdf458df0bdac,0.33646188850967007
na311060431ace76,0.08617747440273038
na317a14e77b15ec,0.8184015927189988
na3194ed8ed3c172,0.05446530147895336
na32671c22551d8d,0.6518771331058021
na32e5f5968c1823,0.06939704209328783
na33fec824cbe63b,0.048208191126279866
na3424d1d6638266,0.675056882821388
na34aaffb7bc7856,0.5742320819112628
na352bcca1c5ff29,0.8907849829351536
na353322185e5eb7,0.867320819112628
na35aee122db084a,0.21046643913538113
na36bac4341d4cab,0.9276166097838453
na370049d483a7fc,0.5278725824800911
na383c1b80aa0ba1,0.24089874857792948
na38e366a003b39a,0.2835608646188851
na3b212ab6290c06,0.8427189988623436
na3b4cd9ffc1a7ee,0.6575654152445961
na3b544b7efe8116,0.6471843003412969
na3cd36f401cb0b5,0.4604664391353811
na3d1965b4f5ae64,0.009101251422070534
na3d360aff44baa2,0.6120591581342435
na3dc882f429609b,0.7881114903299203
na3ef5cda32f2344,0.8149886234357224
na3f3d11c0556ca3,0.4611774744027304
na4025901b4c3800,0.17804323094425484
na40f6cea594c0b3,0.5634243458475541
na4117f2cf7ca4b6,0.4552047781569966
na41c972de04422d,0.8553754266211604
na41ed2444b002fd,0.11405005688282138
na425a717190b9c8,0.7765927189988624
na42c06a83e6011c,0.45620022753128553
na445cc2908d11ce,0.09314562002275313
na448ce25adf17c1,0.9955915813424346
na44db034b0f7b08,0.046501706484641636
na46315dcf856de9,0.6377986348122867
na46c4272536b760,0.9148179749715586
na486398b2037e62,0.2591012514220705
na490e4e0093920f,0.6153299203640501
na49aed71c739a1c,0.3464163822525597
na4a63043e03c75b,0.49189419795221845
na4b7071f2c0c4ef,0.7033560864618885
na4c342793e6cf31,0.07394766780432309
na4c82768e304bff,0.7161547212741752
na4dda3b9e381451,0.7839874857792947
na4ecb511d2e79c7,0.13381683731513083
na4f1b5cd71bc01c,0.5291524459613197
na4ff534b0690749,0.4579067121729238
na5016f03f765803,0.392349260523322
na504913c1ab05b2,0.7807167235494881
na521cb1ed9ff624,0.49843572241183165
na52d6c8d9bb0c67,0.31214448236632536
na52eba508f4b0d4,0.2734641638225256
na533e5e88c144e1,0.9351535836177475
na539842c7edff0a,0.9805176336746303
na55fbc7346a53ce,0.7829920364050057
na5618fbcc8a5998,0.1713594994311718
na5675c136fabf86,0.843287827076223
na568bbd993a05c0,0.29735494880546076
na5989802c7015d3,0.33091581342434584
na599d3a53539ba8,0.9587599544937428
na5c475cffbfe2fe,0.28398748577929467
na5d77d7f9e8a817,0.7047781569965871
na5dc90faf43b8bc,0.7572525597269625
na5df9445a64495f,0.21359499431171786
na5e8a6e686aa0f6,0.7180034129692833
na60e3174e09565a,0.16794653014789535
na61061c97406d64,0.29507963594994313
na61380f4f7d3afd,0.2909556313993174
na618186b67db21b,0.33319112627986347
na61a8470234a52f,0.08646188850967008
na6241597d78f5b4,0.22497155858930604
na64861d29ea9da2,0.8242320819112628
na66b2ff9751483c,0.1416382252559727
na6708d4b05421bb,0.28640500568828214
na680fc7ccd9e19d,0.6726393629124005
na689a53dec6f5cc,0.3390216154721274
na6969c720096ae7,0.669226393629124
na698ff00c9f5805,0.4399886234357224
na6aa49b49580688,0.9074232081911263
na6b878c78e51fdf,0.8087315130830489
na6c00b564763556,0.2916666666666667
na6cab009b7c5b95,0.3758532423208191
na6eca7ed2fbd99d,0.023179749715585892
na6ef936899e0f46,0.03981797497155859
na6f815bea17368b,0.48137087599544937
na707a9382059fcf,0.5162116040955631
na70a8cdfaeaa8c9,0.9301763367463026
na70de6999e359ba,0.013225255972696246
na70debd09cfa7ef,0.7770193401592719
na7102b1c8a791eb,0.6588452787258248
na72127180d2d9c7,0.5974118316268487
na72332690f4f5e8,0.14917519908987487
na72b451924762c9,0.7828498293515358
na7343eeaf84028f,0.004124004550625711
na7441c48b1022c5,0.41254266211604096
na750dcfe30129c5,0.18373151308304891
na757b3e43f976b6,0.48606370875995447
na7586e715299000,0.967292377701934
na7685f32070b439,0.6210182025028441
na76a3ca9b7b58ab,0.7192832764505119
na77849d79e95712,0.7221274175199089
na77e6f2b08560a5,0.46387940841865755
na790004827b3a31,0.015784982935153583
na799e08d8729547,0.3654721274175199
na79d89cbf649835,0.5593003412969283
na7a4233be0f1d81,0.36973833902161546
na7a44d6a519b903,0.6929749715585893
na7a4cdd369971a7,0.017064846416382253
na7a7e3715388b95,0.33930602957906714
na7af2fe00c45dd8,0.6756257110352674
na7b259c7fbdf602,0.26678043230944254
na7b3aebede09c0d,0.3431456200227531
na7b8e37a1fd12cb,0.06015358361774744
na7ca95d54679ba6,0.7434584755403868
na7dc5e32e685f8c,0.8080204778156996
na7ebf1ed6a8c2d7,0.981797497155859
na7f0084a069137f,0.49544937428896474
na7f1ee8d784df11,0.48293515358361777
na7f2e01e77671e7,0.08191126279863481
na7fbbab73bebafc,0.984641638225256
na808c1b36401e28,0.4328782707622298
na8096c1200136e9,0.6168941979522184
na810589a9afa392,0.3370307167235495
na81c5722d928a30,0.7015073947667805
na82a8abf0840741,0.19226393629124006
na82dd26be6448d9,0.3013367463026166
na8398947f8473ce,0.5651308304891922
na83dccfdcfcc4cd,0.32053469852104666
na84bb47442b8ce2,0.2814277588168373
na853500926e4d99,0.19439704209328781
na85c63308371026,0.9954493742889647
na866664e0e758c4,0.8313424345847554
na86ed79efb308ac,0.14889078498293515
na874e9e3548aed5,0.8276450511945392
na87984e0e86bdef,0.7070534698521047
na88416df8f24263,0.5860352673492605
na89e30466841cd2,0.731797497155859
na89ece429c49a91,0.11788964732650739
na8a0bd6866d6810,0.27687713310580203
na8a1cd5332a78f2,0.9005972696245734
na8ae2609ef3a6ee,0.9586177474402731
na8b895bc84476c4,0.7164391353811149
na8bae96e07199d2,0.08717292377701934
na8c24f570c894c8,0.9645904436860068
na8c4c016de55057,0.9422639362912401
na8dd30b48fc6af6,0.7643629124004551
na8e54b326a8079f,0.07110352673492605
na8ea0d38e1e7bf4,0.5217576791808873
na8f65c0637e6525,0.4768202502844141
na902c251f882b40,0.9162400455062572
na90e2afca83b186,0.18614903299203642
na90fcd0cab3c94d,0.8175483503981797
na94292a7ab4de05,0.45748009101251425
na94c84e7ede4692,0.7478668941979523
na95fb9231d18161,0.11675199089874858
na9740b021227d3c,0.680745164960182
na97a247c0d2f2d0,0.4926052332195677
na9a4536430f0c7a,0.06427758816837315
na9a9984c20fcced,0.1187428896473265
na9a9e4e76a6eb85,0.6724971558589306
na9acbec28fb19af,0.3428612059158134
na9c104a72c9751e,0.29052901023890787
na9c3f11ebbc13a9,0.10693970420932879
na9cc92331965d22,0.055745164960182024
na9cf6580390faa1,0.010238907849829351
na9e2f5f79167a80,0.01962457337883959
na9ec50493649588,0.8385949943117179
na9f15be295f8fd5,0.09243458475540386
na9f2a28d6d912de,0.13666097838452787
na9f37ccffeddc41,0.6690841865756542
na9f4174fc8805ee,0.08845278725824801
naa0373369734950,0.825938566552901
naa0454fc776e165,0.9869169510807736
naa067b95f996803,0.4778156996587031
naa09d7eb4a13dab,0.9037258248009101
naa138d332c68963,0.22810011376564276
naa3028aa16a374b,0.5689704209328783
naa31ddc77741c41,0.4825085324232082
naa395df69459bcf,0.571103526734926
naa3e98e4a16320c,0.9933162684869169
naa4bed88e3b39ef,0.8886518771331058
naa6bd4e88b55386,0.7684869169510807
naa6f4d85b4d82f9,0.8471274175199089
naa7ccf9dd1504be,0.3250853242320819
naa7ee2322b915c6,0.9625995449374289
naa7f2a1a28cfce0,0.5467861205915814
naa8a49211d4562e,0.4533560864618885
naa8abb98bec0f6e,0.6683731513083049
naa8e5c34f4147e0,0.7677758816837316
naa9eb16d61c39d4,0.98080204778157
naab1f66d7ccf16d,0.3503981797497156
naab6b0caa7f5502,0.3068828213879408
naac1ff5724ce3dc,0.4569112627986348
naad6e844b775454,0.8818259385665529
naad7d418c7da33e,0.8219567690557452
naadc3b6cf96bb7f,0.9163822525597269
naae59ecc4ac603c,0.5274459613196815
naae9e7f5e161e15,0.39476678043230945
naaf46830842412a,0.3343287827076223
naafdf2e6f54df5e,0.22909556313993173
nab0696966c10f00,0.48464163822525597
nab1c796d322bdba,0.6783276450511946
nab205df79330a61,0.8343287827076223
nab2612b3f9c0055,0.4118316268486917
nab305a934d3629b,0.531712172923777
nab333cf0669cb94,0.28284982935153585
nab5145a2f139927,0.1945392491467577
nab67c84f4468c44,0.7620875995449374
nab7561ab0c39f36,0.2199943117178612
nab771c32b25bac5,0.11504550625711035
nab79a3dff7a9c18,0.010381114903299203
nab7a694e1210047,0.3263651877133106
nab7b178bb6618b5,0.985494880546075
nab87749affba5d3,0.16609783845278725
nab8c5d28e5e060c,0.29550625711035267
nab8dfdc9a57a3d5,0.9657281001137656
nab939cf28b67426,0.6405005688282139
nab93b04326162c1,0.4623151308304892
nab9e2d890d959ef,0.8532423208191127
naba6bcf9e0a642e,0.4094141069397042
nabb6cf019d160b9,0.5575938566552902
nabc5c783e4e7b74,0.5927189988623436
nabc640d51b1fe5d,0.7467292377701934
nabe3e0e38ad027d,0.5618600682593856
nabe59bf9a72a7f9,0.6641069397042093
nabf015095354d33,0.11803185437997725
nabfb2643faf7185,0.8303469852104665
nabfcfa6602fdcb6,0.7357792946530148
nac07589096760d8,0.7381968145620023
nac0ba47bbf47ce7,0.07736063708759955
nac0dc01768b3381,0.22653583617747441
nac0ec66f5f63504,0.906712172923777
nac201621bd51478,0.8016211604095563
nac2368eb7bc45a4,0.5017064846416383
nac24fab333fdb8e,0.5227531285551763
nac254f9419daecd,0.169226393629124
nac26e637055e243,0.2565415244596132
nac29e3c2c8828ed,0.9613196814562003
nac3e4001ca809ed,0.5253128555176336
nac4c560549bec60,0.7841296928327645
nac55d643db25a55,0.24416951080773605
nac59de4e0b4d88a,0.3906427758816837
nac6207097c6776f,0.9435437997724687
nac69c59af474f96,0.9600398179749715
nac6ee506cde8382,0.6919795221843004
nac7c1d26c524791,0.9827929465301479
nac8b124c1371c1f,0.9304607508532423
nac92a204193e4dd,0.21857224118316268
nac9943bff7b4976,0.7728953356086462
nac99886a223fec6,0.6272753128555176
nac9a6be22423b0f,0.5056882821387941
nac9ffc27b475eae,0.39945961319681456
naca9863c51076e6,0.2963594994311718
nacc5e0f7e920636,0.33603526734926054
nacc797f7463b2ec,0.5718145620022753
nacc8f9de9b93f42,0.5732366325369739
naccadb5d4f7486f,0.6562855517633674
nacd4a86cffb406b,0.43131399317406144
nacd718520bd0985,0.6843003412969283
nacd72265ca69c6f,0.4243458475540387
nace1562520de6b2,0.8983219567690558
nad022f18295338f,0.28811149032992034
nad1c6c365402f74,0.6332480091012515
nad2af0e8b64e7d8,0.5570250284414107
nad2d7e4bebf7f63,0.021331058020477817
nad33de24b6c1921,0.15358361774744028
nad389486c8550ea,0.6702218430034129
nad3e3464a89914f,0.7399032992036405
nad4c5b8b2e0988f,0.25284414106939707
nad689b8b0559a1a,0.2713310580204778
nad7e0873b8c5183,0.48279294653014787
nad85fba7fe26c35,0.12613765642775882
nad97daf24f5a266,0.8809726962457338
nad9828b1e71d389,0.2858361774744027
nadaf5af4853d8c7,0.6389362912400455
nadb303c2c181409,0.08674630261660979
nadbca690aefe612,0.503839590443686
nadc9ad50d761b21,0.5985494880546075
nadda11908090fda,0.9793799772468714
naddb284da5ea930,0.8742889647326507
nade430a20072fec,0.13054607508532423
nade7ec1b4d954d6,0.8754266211604096
nadfa0782842eefb,0.1594141069397042
nae1396e85032f7c,0.5120875995449374
nae1e8bf732974bc,0.9674345847554039
nae1f33e7d9d5d9a,0.39434015927189986
nae248be948faf4f,0.17562571103526736
nae34747ac3c06a8,0.12343572241183162
nae384dfa960f2d5,0.24047212741751992
nae38b32a50cae88,0.26109215017064846
nae3d9d0dc709912,0.2811433447098976
nae467e91822b0e2,0.19254835039817975
nae580d1954e74e4,0.1983788395904437
nae5c7f9a03a0699,0.9879124004550626
nae5f7ab0926b281,0.6255688282138794
nae7a703687aa237,0.1784698521046644
nae7d06d309aed2a,0.7487201365187713
nae7ee4d027c2206,0.36063708759954494
nae8d3e82bdfc496,0.06982366325369738
naea7aef95766d41,0.2453071672354949
naea8cd88b60c1e1,0.03284982935153584
naebe5179a95fbb0,0.6376564277588168
naec0508219e52e9,0.5951365187713311
naec94aacb492885,0.7497155858930603
naece9e93ad61dc4,0.2906712172923777
naed1491f81ed61e,0.08503981797497157
naee24c79f1b8a80,0.696103526734926
naee4a2ac924cf52,0.6062286689419796
naeee173bad1b141,0.18629124004550626
naef1985879e6318,0.9503697383390216
naef2985e8cdd0bd,0.41638225255972694
naef9566d72a6d83,0.8633390216154722
naefe867a808de6e,0.6975255972696246
naf05484e81b2508,0.38253697383390217
naf07af8d213648a,0.3939135381114903
naf0c7710499ccda,0.48791240045506257
naf171f4f4ea8fc5,0.5258816837315131
naf19ddc6580aeb7,0.8802616609783845
naf1ded201bd5d7b,0.9178043230944255
naf2689aaa171115,0.6370875995449374
naf297812b043980,0.019197952218430035
naf36ad23d22fe19,0.6840159271899886
naf3d15a44721143,0.07906712172923777
naf40121bec88b93,0.36532992036405004
naf4f05cc6b471fd,0.9068543799772468
naf4f944798e94d5,0.7050625711035268
naf61640d195d2b9,0.39149601820250285
naf63428fa70d83f,0.893202502844141
naf675e9dc701445,0.24886234357224118
naf67f87568167ad,0.40742320819112626
naf6956751e17fee,0.4101251422070535
naf72932419654f6,0.137514220705347
naf7753e6b3b85d8,0.34655858930602956
naf860c1ac6453d1,0.28484072810011374
naf8e42200ddf1de,0.5824800910125142
naf924d16fae4ab3,0.3445676905574516
naf93676ef0a6f6e,0.06911262798634812
nafab54930aa706d,0.07579635949943117
nafb5908dc2c18cc,0.5766496018202503
nafca2f0f2dde782,0.7805745164960182
naff61fb5eeee28b,0.47966439135381117
naff70a27d9b9687,0.6571387940841866
naffab22ae18e94a,0.2572525597269625
nafff5cf9b3c4c27,0.8135665529010239
nb00069b64ae2718,0.8920648464163823
nb00f482e32244f7,0.21843003412969283
nb01ac33057b4388,0.23265073947667805
nb01ca960fcfa0da,0.5374004550625711
nb01d79d71852b76,0.3100113765642776
nb021ce959ff3050,0.28014789533560863
nb042a452ade2f47,0.9475255972696246
nb061a7d3196c69d,0.3007679180887372
nb076f061f3d62da,0.14647326507394767
nb07ad1ead273645,0.9618885096700797
nb08275f9987a0a5,0.35736632536973834
nb08abaee7f236ad,0.13964732650739475
nb09210f003aec4c,0.39974402730375425
nb0938f722466bf2,0.683589306029579
nb0a56f91470f94d,0.9751137656427759
nb0d2c28b9dc54d1,0.4714163822525597
nb0d51c35d7e2bd5,0.8172639362912401
nb0d8912d28b22fb,0.5546075085324232
nb0dc08c71d74fca,0.7529863481228669
nb0f2c16c513c152,0.5696814562002275
nb0f361ff33d292e,0.16666666666666666
nb0f8447b2ceee80,0.944254835039818
nb0f9201d72a3d4f,0.09385665529010238
nb10134623fc588b,0.32593856655290104
nb1020ab9eabd743,0.2052047781569966
nb102d6c1e718c32,0.4735494880546075
nb10d1bccb0727fd,0.13765642775881684
nb1124e2f40a1dff,0.24374288964732652
nb118f3717ad0201,0.05787827076222981
nb13120f566c5344,0.05887372013651877
nb132634d92450a3,0.04052901023890785
nb1335bb1765e056,0.3708759954493743
nb136849ef757c75,0.40102389078498296
nb13fc0bdfec6a0d,0.6144766780432309
nb14060a37be2cdc,0.3435722411831627
nb145fdc9074c8f1,0.8694539249146758
nb14b16dbe1b7ee3,0.28171217292377704
nb14cda585d18565,0.8060295790671217
nb15fa58fd00f41a,0.5364050056882821
nb1710c64820f5f8,0.996160409556314
nb175f99e4f74efd,0.1719283276450512
nb17610e4f4e6b70,0.39334470989761094
nb1900a4325679b4,0.012229806598407281
nb1a1dded64491a5,0.37770193401592717
nb1afc23f9cbd566,0.17974971558589306
nb1b2574ef27732a,0.229806598407281
nb1b6e59137d0391,0.4597554038680319
nb1b9796e4e2efeb,0.7340728100113766
nb1bf941f89c09ed,0.949943117178612
nb1c29ea7725a4d8,0.8858077360637088
nb1c4dfd4417638a,0.08902161547212742
nb1d805a6e4a8201,0.9903299203640501
nb1d94eeb40e1aa3,0.9984357224118316
nb1dba4f85a233de,0.9254835039817975
nb1e32c648f1be74,0.41879977246871447
nb1e6f70d9c331e3,0.36504550625711035
nb1eb984b1460ecd,0.5792093287827076
nb1ee2e260e3fb3c,0.5429465301478953
nb1f0d9e7bac8e07,0.1727815699658703
nb1fd41a1817c96e,0.7059158134243458
nb212228d806118c,0.15969852104664392
nb214021ded498d8,0.928896473265074
nb2167c120bcb37f,0.4170932878270762
nb21db3818002d31,0.9849260523321957
nb21df38117fcee0,0.5450796359499431
nb21eaed3a4082d1,0.32693401592719
nb232281a03519c5,0.05773606370875996
nb23bab6f116feda,0.14462457337883958
nb249a309e407696,0.786547212741752
nb24a71d13cdb27f,0.8585039817974972
nb2785d816305fdf,0.8329067121729238
nb27b7dbe27dec40,0.6561433447098977
nb27c40b8a7938b2,0.03526734926052332
nb27f149cb756137,0.040244596131968145
nb284216077de2b0,0.045648464163822525
nb28e8aca156ecf3,0.6032423208191127
nb295b7727e07ce0,0.46217292377701935
nb2981b2370452af,0.7750284414106939
nb2a44be7c0b12d7,0.2999146757679181
nb2a4f81e5ea6d57,0.2544084186575654
nb2a5cde0ac32193,0.18572241183162685
nb2a8b000b59688e,0.6818828213879409
nb2b149b56cbba9e,0.1760523321956769
nb2c9cdee9c2ddfa,0.47724687144482364
nb2d9f490acde329,0.9963026166097838
nb2e7043e6c7bdf0,0.5332764505119454
nb2e722cf910e834,0.824943117178612
nb2ec914b70de762,0.34755403868031853
nb2f51dffd7b9dd8,0.9203640500568828
nb300596b5044aee,0.46928327645051193
nb302e8008687245,0.6154721274175199
nb306b205099d7e5,0.19496587030716722
nb32e8b02665b18b,0.9896188850967008
nb332583eeeaa8f5,0.9633105802047781
nb337bc4bdb2c9ef,0.3218145620022753
nb33f41a30edcdd7,0.16993742889647326
nb33fa347c57c15b,0.8808304891922639
nb35b561413efebe,0.20093856655290102
nb36667339faff98,0.27090443686006827
nb379d96004a8ffc,0.5401023890784983
nb37b99afbb1e02d,0.44340159271899887
nb39b1c453bf74da,0.945250284414107
nb3ac572bfad7a93,0.28896473265073946
nb3b5800471e9066,0.9190841865756542
nb3bf48e90888b99,0.2984926052332196
nb3d779fc2584008,0.6284129692832765
nb3f4ec650fa19ac,0.9991467576791809
nb3f6a6b956f4d94,0.8984641638225256
nb3f7333f585977b,0.2920932878270762
nb3fae489820d875,0.7128839590443686
nb4005a8e75514d5,0.003697383390216155
nb4054f76bb86ad6,0.7238339021615472
nb40b86ffc59fd75,0.6732081911262798
nb411716b2fd6c68,0.4431171786120592
nb413b1e85a977ed,0.9722696245733788
nb41c3c34983ead9,0.01891353811149033
nb42129d62f51751,0.9574800910125142
nb4247a85d309da5,0.020193401592719
nb42645627569609,0.76919795221843
nb42bc4fad22c0f4,0.16240045506257111
nb433ee079a2f1a6,0.03768486916951081
nb437882355e4bd7,0.6895620022753128
nb43796ed7f31a64,0.9608930602957907
nb4427420df7f340,0.6898464163822525
nb44628cef99541d,0.7073378839590444
nb44834d9d6444ec,0.6343856655290102
nb45298183eedb21,0.7545506257110353
nb45a8d43d84a98b,0.14007394766780432
nb463047952d6dd4,0.46245733788395904
nb469fbe492320ae,0.5322810011376564
nb4883e855c11d9e,0.5118031854379977
nb49e4e153d50585,0.4891922639362912
nb49e60586b3d616,0.8570819112627986
nb49eed0a1dad274,0.14092718998862344
nb4b23feb24e2c5a,0.6238623435722411
nb4b39d1f1534194,0.06029579067121729
nb4c65a8a4da4da5,0.13495449374288965
nb4db1ea3c661705,0.12400455062571103
nb4f2f83412c3986,0.13708759954493743
nb510e8c772ded7c,0.7977815699658704
nb51c80ff70cc9a9,0.1541524459613197
nb529b03dfb92cf4,0.2854095563139932
nb52d77b6cde99e1,0.8792662116040956
nb5309f919aefb9d,0.23464163822525597
nb535a137846893b,0.029152445961319683
nb53652718c8aed0,0.712457337883959
nb53fab584084005,0.593287827076223
nb5453424359d3ce,0.7666382252559727
nb5519ccb5f5c4ff,0.22426052332195676
nb55a8bc83aec8e9,0.7484357224118316
nb56306b88719525,0.7027872582480091
nb57810c0309ba70,0.8208191126279863
nb5852ceddfd0712,0.29408418657565416
nb586644689ed287,0.657707622298066
nb58b949604eafd6,0.11831626848691695
nb58c83c0bc66db3,0.25099544937428897
nb5a0c34274d6184,0.9092718998862344
nb5caa23bf455127,0.2888225255972696
nb5dea7aeb1ccd5a,0.24445392491467577
nb5eb93a1ee73d99,0.823094425483504
nb5f137b96fdbc71,0.24502275312855518
nb5f31822f916a2a,0.059015927189988625
nb5fefacaca08fcd,0.8156996587030717
nb6110841492733e,0.5989761092150171
nb614b519ae796ec,0.37556882821387944
nb626a57bcee85d3,0.015927189988623434
nb62b9521ba2b99f,0.8693117178612059
nb62f7d9d3e3588e,0.9399886234357224
nb63fe650ca2afc2,0.5541808873720137
nb6504bf132f7213,0.5757963594994312
nb6633ca033cc9b3,0.3676052332195677
nb663439aaf734fd,0.6498862343572241
nb666f0ee6c7038c,0.8667519908987485
nb6698697739dd6a,0.9948805460750854
nb6758f8d3a525e0,0.16581342434584756
nb682e176acfb9ea,0.44553469852104666
nb687774e1eb38c0,0.8186860068259386
nb692a25ae22f8b3,0.5947098976109215
nb693e5ce9618e70,0.1077929465301479
nb6a6c21db08e31e,0.5594425483503982
nb6ba5996cdfd79f,0.0374004550625711
nb6bae20b16c3f43,0.06840159271899886
nb6c1d92a7d02453,0.11547212741751992
nb6c899f31252417,0.26905574516496017
nb6da52b823d7595,0.016069397042093286
nb6e911590ce766a,0.06868600682593856
nb6e9cca12450915,0.44724118316268485
nb6ed164c925c27c,0.12116040955631399
nb6fbc8b67c07545,0.5659840728100114
nb701beccb656fbe,0.6267064846416383
nb702546e7b76b56,0.34584755403868034
nb704fb513652d98,0.9139647326507395
nb70e010020499f5,0.6801763367463026
nb716517f4d3ea3b,0.5918657565415245
nb7213a987f1a004,0.29707053469852107
nb72beddf076c8fa,0.8420079635949943
nb72e44d0b37db06,0.535551763367463
nb72fca833d6824f,0.6486063708759955
nb730ed520e7bb2b,0.66339590443686
nb733d3d4e7f7274,0.3529579067121729
nb735affaca9ae7f,0.7706200227531286
nb74684e85222569,0.725967007963595
nb74f9eb4f4fb7fb,0.005830489192263936
nb750ada6af28983,0.4064277588168373
nb75dd29f6ca7751,0.12528441410693972
nb762f294bdf33a4,0.43302047781569963
nb76b4820337a396,0.26379408418657563
nb7740136e5e5a52,0.6302616609783845
nb779e7e090f1b89,0.9217861205915814
nb77a1323d6fe6a0,0.11561433447098976
nb77defd9872664d,0.39206484641638223
nb788acf2495d5b1,0.39178043230944254
nb78f16203f3ce49,0.7131683731513083
nb7955da74f8bba2,0.014647326507394767
nb7aa30ff09e274a,0.9296075085324232
nb7b9340ce6c8aba,0.2445961319681456
nb7b9fa805cba8c5,0.6002559726962458
nb7c2251be1a4456,0.13523890784982937
nb7d0a713efdb201,0.9540671217292378
nb7d6864cad7e1d1,0.13068828213879408
nb7d77335224463e,0.18771331058020477
nb7e5339c0681da0,0.4670079635949943
nb800fc0b0ad865d,0.5146473265073948
nb804c7b529ffe77,0.4566268486916951
nb8080e2ab335197,0.10196245733788396
nb80846e6b37c2c1,0.6225824800910125
nb80a55d988c25d2,0.386518771331058
nb80c946b6762a78,0.45705346985210465
nb80ca16c2566551,0.9564846416382252
nb821090820bdea5,0.8120022753128555
nb832913cb533af7,0.9850682593856656
nb8382d652b0692b,0.3260807736063709
nb84c69ca81a8acd,0.9212172923777019
nb859696b9ada2ef,0.5086746302616609
nb85ff56ac78284d,0.3725824800910125
nb86301bc0b98938,0.8104379977246872
nb869d9bff0d95cf,0.8117178612059158
nb86a140a9c4d192,0.9075654152445961
nb86a140b7542060,0.8225255972696246
nb86c30c013ea34b,0.9257679180887372
nb88626fc2eb56e3,0.25426621160409557
nb88d7ac253dd14e,0.6013936291240045
nb894c5c41bc16c0,0.12713310580204779
nb89b68e35ca5f7e,0.26464732650739475
nb8a157e6cb5874d,0.6635381114903299
nb8a1b875180f3ad,0.8542377701934016
nb8b1c32e4e57839,0.378839590443686
nb8b2b1c27ef1022,0.09755403868031855
nb8b3a12fb6f8f6a,0.537542662116041
nb8c05870c69b0cf,0.479806598407281
nb8c523ab2b663dd,0.8501137656427759
nb8c8bf20d943dfd,0.749004550625711
nb8dcb978b538614,0.9907565415244596
nb8e0b4603768ecb,0.48890784982935154
nb8e72a906a6ce9f,0.6969567690557452
nb8e8308fe901e5c,0.44013083048919227
nb8ee66b3930d435,0.7613765642775882
nb906a9bb3a6ac85,0.5655574516496018
nb907f1dd74cbff6,0.3329067121729238
nb920711951f8293,0.7902445961319682
nb920f4d7c938606,0.1523037542662116
nb929607ca65f524,0.052901023890784986
nb9309b411bbe6ae,0.44937428896473264
nb9318a3d3290599,0.10253128555176337
nb941fdebce4aade,0.5284414106939704
nb950d1a0aec752e,0.7652161547212741
nb95ec442bb641d6,0.26791808873720135
nb967d8df73009a5,0.13993174061433447
nb976c9f2d7d3245,0.7181456200227532
nb97a28be438aed3,0.1380830489192264
nb98931270a32b3c,0.4032992036405006
nb993632b613f4d4,0.5820534698521047
nb9a12dd0bda6939,0.6073663253697383
nb9aad427fb7274a,0.6959613196814562
nb9b20a19a4d8a51,0.24985779294653016
nb9b281c27facd7c,0.28498293515358364
nb9bd06e07dcd3d1,0.8289249146757679
nb9e3de1e1038c0c,0.7416097838452788
nb9ef6695365176d,0.4648748577929465
nb9f20d1282bdbfd,0.13253697383390217
nb9f30fba3a7cc5a,0.44084186575654155
nb9f56b6bd2befd1,0.8887940841865757
nba0628891290219,0.5140784982935154
nba087d2e139bb3a,0.8267918088737202
nba1d1c7227c43e7,0.07025028441410694
nba212ac78d27543,0.31043799772468716
nba214c4dabdf2f3,0.6926905574516496
nba2cb375c20ae3c,0.9152445961319682
nba38baed77586f0,0.3626279863481229
nba52427ac504025,0.6387940841865757
nba53f59cc928694,0.6052332195676906
nba55303410d3dde,0.6056598407281001
nba57628cad8cc63,0.013936291240045506
nba7577e48179adf,0.2785836177474403
nba819645900b1f1,0.0436575654152446
nba86e7f9f32b50b,0.5474971558589306
nba8c0f77d7c8842,0.2322241183162685
nba90b0f0454238c,0.7256825938566553
nbaa00be242b8043,0.9472411831626849
nbaa00d6c4286f07,0.5548919226393629
nbaa309110f7cc06,0.7037827076222981
nbaa72fa76c5a2c1,0.30958475540386804
nbaaa89d48425108,0.6915529010238908
nbaafc348f5676b9,0.34158134243458477
nbab145d15286468,0.9620307167235495
nbab211b5b18df82,0.8238054607508533
nbac0d92331701c8,0.12798634812286688
nbacae07ab834855,0.09769624573378839
nbad1803a248e730,0.5329920364050057
nbad6a2d56071ab0,0.3512514220705347
nbaee53c62fafa28,0.6459044368600683
nbaefece35667071,0.6911262798634812
nbafb53dcc5ca563,0.5487770193401593
nbafbb479f935c23,0.4598976109215017
nbafcc4811fc19c9,0.10594425483503982
nbb02b68911c1e68,0.5081058020477816
nbb0cdaf9ad7fbac,0.43159840728100113
nbb13c95270a201f,0.6257110352673493
nbb1bfd0ba6f5508,0.2696245733788396
nbb1cc6aced2acea,0.8137087599544938
nbb20630be099004,0.8876564277588168
nbb24864ecb48144,0.28128555176336745
nbb263587a45dcbb,0.4429749715585893
nbb3157f5807f5d0,0.8771331058020477
nbb328e50e1e0bad,0.8388794084186576
nbb365de18940d21,0.2717576791808874
nbb38268d50c6b82,0.0813424345847554
nbb3b53cbc50cb42,0.3693117178612059
nbb598fe2155c037,0.2401877133105802
nbb6009be619ad6f,0.02901023890784983
nbb64404e56152bd,0.3895051194539249
nbb6cd9a96de7dfa,0.4688566552901024
nbb6f8e9944de549,0.5685437997724687
nbb774cfd04c5963,0.9913253697383391
nbb7a2713e154a34,0.7861205915813424
nbb815dbcb999fd5,0.8215301478953356
nbb8a1ce5ae1a957,0.25611490329920367
nbba3ef3fbe3081d,0.25810580204778155
nbbad54f76fb9bef,0.7984926052332195
nbbe6157d2124124,0.3034698521046644
nbbe96277e5ed000,0.8003412969283277
nbbeae1f5c544be3,0.8799772468714449
nbc06097888d6943,0.426905574516496
nbc19ed54fa27b99,0.11248577929465302
nbc328fdc221a6b8,0.20449374288964733
nbc457de6ebb210b,0.06399317406143344
nbc45b16075b8ec4,0.608646188850967
nbc49e8fbc8b4bdd,0.06555745164960182
nbc66142146a1392,0.05531854379977247
nbc78fb209ade25b,0.8725824800910125
nbc85d717654f785,0.12073378839590444
nbc898f4e7c7dfda,0.1555745164960182
nbc8cc5687c531e6,0.28341865756541523
nbcade1198a05941,0.7664960182025028
nbcb06668faafc84,0.20648464163822525
nbcb0992442b80bd,0.805745164960182
nbcb7250bcaa62f9,0.09698521046643914
nbcc684d9499f0b0,0.4301763367463026
nbcc75a480dc8055,0.6393629124004551
nbcc90c02e9514d4,0.4489476678043231
nbcca4c6cc407fd7,0.6026734926052332
nbccf0b2dbb1d5d2,0.6679465301478953
nbcdb26608c76134,0.4405574516496018
nbcddb4a4b4a2200,0.8430034129692833
nbcf1d6ee79d17fa,0.6717861205915814
nbcf44461f3a4be2,0.8108646188850968
nbcf75852e797280,0.6850113765642776
nbcfb91f65ca3ff7,0.8114334470989761
nbd0bd3b040d2a1f,0.4510807736063709
nbd0f70e664bd837,0.3277872582480091
nbd1401bec344418,0.45776450511945393
nbd1b96fe7cbf5ea,0.9741183162684869
nbd1f052e2ae56f7,0.9101251422070534
nbd1fe91440ee6db,0.443259385665529
nbd2b05f36ee83cd,0.7700511945392492
nbd33f0690f7f18a,0.3405858930602958
nbd3deaab186ca51,0.9377133105802048
nbd3fe4d96482126,0.0034129692832764505
nbd4e743c7d372d4,0.4466723549488055
nbd564f70d55e52c,0.17420364050056883
nbd5f59bda36963c,0.8813993174061433
nbd66b87fd4ea3a3,0.3987485779294653
nbd762a1dee83f5d,0.4216439135381115
nbd8a9e6b3a4ddc0,0.4372866894197952
nbd8b3ba8ad5edd4,0.5325654152445961
nbd8cd86005e7911,0.25341296928327645
nbd8ded9713e500e,0.8169795221843004
nbd93a1c546456aa,0.13580773606370877
nbd98bb4b515dea6,0.7908134243458476
nbd9b6e2e44696e9,0.16254266211604096
nbd9dff21eafca8c,0.08034698521046645
nbda1f68114ccc1c,0.6244311717861206
nbdae7998e94f1ae,0.5917235494880546
nbdbc2a3441e2a12,0.6951080773606371
nbdbcd1f1b92b977,0.8663253697383391
nbdd83cd2b866c4f,0.4550625711035267
nbdebf525360cacc,0.9648748577929466
nbdf8b4d1689478d,0.1496018202502844
nbe05f71bc9d574d,0.8323378839590444
nbe0bdac41fb52f3,0.5544653014789533
nbe0ecabbcfff2d4,0.6292662116040956
nbe16d061f4b1eb2,0.8445676905574516
nbe307b4b7afd37b,0.5459328782707622
nbe33558d1cd1103,0.3412969283276451
nbe3753bb9d25bcf,0.9099829351535836
nbe38ac9732b20c1,0.31584186575654155
nbe413833b555c7a,0.8805460750853242
nbe4d45d5e764a6b,0.3132821387940842
nbe5896b953683fc,0.8380261660978384
nbe67d912f87ac15,0.6558589306029579
nbe78a234a59f309,0.19795221843003413
nbe80c0a6d367ecf,0.7091865756541524
nbe8377d6e66355a,0.6447667804323094
nbe977f68e54831a,0.03185437997724687
nbea720774e67d26,0.23051763367463027
nbed712de7a84f28,0.9456769055745164
nbee3a8e80a6c387,0.40784982935153585
nbee980d61b12843,0.8253697383390216
nbeff6ac0a9b7a74,0.18799772468714449
nbf014970dc4ac18,0.21771899886234358
nbf11dd495ce5ef8,0.22966439135381114
nbf2aaf47b1052ce,0.18742889647326508
nbf318a684eb91b3,0.09015927189988623
nbf54f417dac5d81,0.8949089874857793
nbf5ad636df37150,0.9318828213879409
nbf645d162c10d86,0.600967007963595
nbf6b65d3ca7f00e,0.10039817974971559
nbf6c3a7ab24399a,0.7445961319681457
nbf7486a0a77a507,0.9405574516496018
nbf8708842ea6f3d,0.15870307167235495
nbf87adcc2f90a61,0.019908987485779295
nbf8f819da85c7ea,0.7983503981797497
nbf9480b8f153346,0.7957906712172924
nbfa58fe306df890,0.4812286689419795
nbfa9322b3838c9e,0.8934869169510807
nbfaef53b6e4e729,0.7979237770193401
nbfb29d6ae6d88e2,0.2720420932878271
nbfbea79d6f0610e,0.014078498293515358
nbfc5b4ff1300af3,0.9630261660978384
nbfd7dc5ef0407ed,0.8912116040955631
nbfdda4769900dc7,0.3761376564277588
nbfe70042f35d6d2,0.6109215017064846
nbfef4d8b980c95e,0.7413253697383391
nbfefb7429f3619a,0.15031285551763368
nbff62a0b259a361,0.4761092150170648
nbffcc8181673c0b,0.9715585893060296
nbffd9eec231b20f,0.3656143344709898
nc00220de3af20b1,0.5203356086461889
nc01e2b9ccc1f53e,0.2689135381114903
nc025f86e3fd0ccc,0.08688850967007963
nc02680d1bbee904,0.664391353811149
nc02c137286e169f,0.32010807736063707
nc033ebd5d6d72a9,0.4358646188850967
nc03ada923241dd2,0.6693686006825939
nc042a5dd3eee7f0,0.02303754266211604
nc04d5756ce8ea45,0.13907849829351535
nc052a9d84bf6809,0.5479237770193401
nc059c45ec3323af,0.871160409556314
nc05beed45f135d7,0.10736632536973834
nc0660b249e8d607,0.9266211604095563
nc066a38c581f256,0.46501706484641636
nc067ad2b19c4247,0.801052332195677
nc079584ac0fce2f,0.7372013651877133
nc0802b2a5c1ac96,0.3378839590443686
nc0863973252bb42,0.9532138794084186
nc0c812e655dab8b,0.18472696245733788
nc0cbab2c28df9e4,0.6382252559726962
nc0d1a7959d550fb,0.17818543799772468
nc0d307d5e960c90,0.8535267349260524
nc0de0e06af9af12,0.004266211604095563
nc0e1e7001313d1a,0.4800910125142207
nc0eb80ed698352e,0.7554038680318543
nc0f02a72dd34e7a,0.25597269624573377
nc0f5680b9b0c200,0.6006825938566553
nc0f664fa9a3a6a1,0.16382252559726962
nc105b20ea957dd2,0.07266780432309443
nc11c0f25a264042,0.761518771331058
nc12ad03157f95c4,0.8660409556313993
nc1319b3b90b8ff8,0.42477246871444824
nc1377768b2bda34,0.8846700796359499
nc137f868bad2882,0.3181171786120592
nc13f970168ed08f,0.5530432309442548
nc1462b145308c5a,0.14050056882821388
nc14f327dafcd690,0.7878270762229806
nc151ac113fd2b1d,0.2862627986348123
nc1574e2d0f258e1,0.6046643913538111
nc15e92ed1e3e2c5,0.05489192263936291
nc17ded1ade6d735,0.9202218430034129
nc184734478e7198,0.4169510807736064
nc19236c4132507e,0.24687144482366324
nc193a50ead94f44,0.7457337883959044
nc1945e94522d7bf,0.533703071672355
nc19be41146d42cb,0.965443686006826
nc1ac7c7c2a45bcb,0.3010523321956769
nc1b16fe5bcc711b,0.2767349260523322
nc1b447fe9c88927,0.5462172923777019
nc1b880c78d88be3,0.3738623435722412
nc1bac1cf77c0977,0.28427189988623436
nc1d16b1000dbe39,0.7713310580204779
nc1ed1c6ee8401ac,0.2821387940841866
nc201b85149137e0,0.801905574516496
nc20a04276a4cc47,0.008674630261660978
nc20a732b2951eb2,0.10338452787258248
nc20b8e3c9dc51e7,0.8425767918088737
nc20b8e70dc3f22d,0.5981228668941979
nc22159b21692732,0.8218145620022753
nc224dc79e8c888e,0.5506257110352674
nc225bbf6e179e78,0.11035267349260523
nc235d38e24bc82f,0.8250853242320819
nc239499206466c1,0.4499431171786121
nc2399fa5c618ec4,0.08532423208191127
nc24f091a80b90e5,0.8479806598407281
nc256be8f37cc660,0.2167235494880546
nc25d943673ab858,0.9950227531285551
nc26c94eae5b34fc,0.21131968145620023
nc2a49318788f45d,0.3698805460750853
nc2b2d3290cd3e66,0.14746871444823664
nc2b6de9ef3e17d2,0.5578782707622298
nc2b99aabd44630f,0.7049203640500569
nc2c3490f1020904,0.6312571103526735
nc2e043b8e1f735d,0.8873720136518771
nc2e266290eb190c,0.22340728100113766
nc2e61160ce0d8cb,0.10921501706484642
nc2ec63e3fba2d52,0.6720705346985211
nc2ef0fb7713ef43,0.9119738339021616
nc3156db3574417d,0.2541240045506257
nc316be00d32fb8e,0.6262798634812287
nc3286cbd7686653,0.0908703071672355
nc32e0756454ce66,0.8550910125142207
nc332feff3171869,0.25483503981797495
nc354d958f8037bb,0.9045790671217292
nc357572db807d49,0.6222980659840728
nc3590b979f7f84e,0.898037542662116
nc35c4f827746bc3,0.9758248009101251
nc35d5382537fef4,0.21402161547212742
nc3939f80c0cb189,0.9478100113765643
nc394a6e63327197,0.5012798634812287
nc3a720814d8027f,0.22582480091012513
nc3b3f07d1120488,0.3485494880546075
nc3b875bac6ab022,0.676052332195677
nc3cb0f7704348ee,0.48165529010238906
nc3ce5393b63ffdc,0.6407849829351536
nc3dcf2cf13c4572,0.7421786120591581
nc3e7268cfb3d293,0.7315130830489193
nc3ea77120c57e52,0.8260807736063709
nc3ef1364ae652cc,0.6150455062571104
nc40d593ea450e21,0.5681171786120591
nc40f5c89b1a1117,0.4934584755403868
nc41384685429c28,0.6363765642775882
nc41c792268a6dd3,0.06470420932878271
nc4308b22a795c47,0.16624004550625712
nc43f476aff52e34,0.13452787258248008
nc44239a49bd67a6,0.8484072810011376
nc4525bb83a25646,0.01763367463026166
nc454fd629f0c563,0.5877417519908987
nc45c5704c3ce1f1,0.2399032992036405
nc466a5ae01367b9,0.4546359499431172
nc46f5ab972f969d,0.6709328782707622
nc47230206fabb36,0.9517918088737202
nc481f155e5f2974,0.14789533560864618
nc493fb46249ddf9,0.8668941979522184
nc49f64c6fd77a94,0.4286120591581342
nc4a0192fa422516,0.4449658703071672
nc4a19ab919ebb56,0.7588168373151308
nc4a82b87ffb0574,0.16780432309442547
nc4a8eba986e6c76,0.09542093287827076
nc4ae922bdd58605,0.2989192263936291
nc4b034d2f0a2e10,0.27161547212741755
nc4dd1bdc45f9c94,0.27332195676905574
nc4ea38743d65134,0.5662684869169511
nc4ee661f880e90a,0.8327645051194539
nc4fab9797f04703,0.7217007963594995
nc4fb4095a7b0992,0.7155858930602957
nc50371402e8c4c8,0.9800910125142207
nc506c547bec4f57,0.5319965870307167
nc507882f0b7c986,0.24800910125142206
nc512388e19bc60e,0.22525597269624573
nc513d48bbef6107,0.9763936291240045
nc5185147f23b94c,0.7032138794084186
nc519b2c1c4770b7,0.6806029579067122
nc51dcccb71d8598,0.5170648464163823
nc5214ef7b303ec6,0.4397042093287827
nc527e0a31c7439a,0.9714163822525598
nc53075fe0d3e77d,0.26294084186575656
nc5363cba28ec923,0.559584755403868
nc53df895d1e7751,0.3459897610921502
nc545c76cdb6f67a,0.6040955631399317
nc549dc029075291,0.32195676905574516
nc567d8a9289015d,0.7071956769055745
nc56a20274741063,0.9280432309442548
nc56eb50b12fd2cb,0.26976678043230945
nc572e6a633fb705,0.40273037542662116
nc583dce0d5b0b6e,0.6685153583617748
nc590c3ae56bbe44,0.5282992036405005
nc59637bea959c97,0.5501990898748578
nc59a5eedca9e4b9,0.8782707622298066
nc59aaafde50b700,0.513509670079636
nc5a4609de167552,0.9124004550625711
nc5a47bd355a4385,0.4765358361774744
nc5ad0a02d47fada,0.6885665529010239
nc5c29bd0e361b43,0.7532707622298066
nc5c9fecb2aa6533,0.18060295790671219
nc5cbd7c46dc9b95,0.4732650739476678
nc5d917db628dd00,0.22923777019340158
nc5f0003dbad356c,0.49715585893060293
nc5f1300d517f6e3,0.6070819112627986
nc5ffba3cbe69ba8,0.9702787258248009
nc610c9202785e60,0.9215017064846417
nc6240a9c5014a8f,0.8428612059158134
nc628bfa45459f3a,0.2241183162684869
nc628fd5a4d307a0,0.3094425483503982
nc64aa7bd830ecab,0.3818259385665529
nc64cc992c22a90b,0.05944254835039818
nc668969b62d6115,0.7952218430034129
nc66d57604e45129,0.8213879408418657
nc6716277879ed9f,0.44112627986348124
nc67629b55e68c91,0.6245733788395904
nc67f9269fdbd346,0.1823094425483504
nc6a618674e414bf,0.03910693970420933
nc6b78b6905f33e2,0.4697098976109215
nc6c12416015071c,0.5167804323094426
nc6cd3362a48db2a,0.9488054607508533
nc6dd2dbda425f0a,0.23236632536973834
nc6e2ccdc4956161,0.5666951080773607
nc6e896ec3fa6ad9,0.03441410693970421
nc6f3c99fd6c3880,0.5493458475540387
nc704985bc02147a,0.7898179749715586
nc70de8a649c29fc,0.09143913538111491
nc727ef632de9c44,0.6131968145620023
nc72a654e55716cf,0.950938566552901
nc7336a9297c10e6,0.4421217292377702
nc734223fdb93b6c,0.14618885096700796
nc7347a9227f97d4,0.7568259385665529
nc74491b0b01fd36,0.0540386803185438
nc74d314c09087de,0.5564562002275313
nc74da239d12b2d4,0.5885949943117179
nc75f532583cbb2d,0.14405574516496017
nc7612eee7b4fe05,0.7482935153583617
nc7846ed00a018a5,0.11319681456200227
nc793ed04c243b11,0.21459044368600683
nc798d7a6297bf13,0.1487485779294653
nc79d2f434204b05,0.2721843003412969
nc7a2d5bdfd68d6f,0.5880261660978384
nc7a8f49ad9192f7,0.2010807736063709
nc7b484125fc2d64,0.9034414106939704
nc7b833e11d495a5,0.4011660978384528
nc7bca0d381f6bf9,0.25881683731513083
nc7bd320339f14ab,0.21259954493742889
nc7d7acfb32f0eaf,0.5052616609783845
nc7fdec6c995f41f,0.4978668941979522
nc7ffabdc28de903,0.5551763367463026
nc80141b4cb92600,0.005972696245733789
nc806c7d45453a5c,0.6065130830489193
nc80bf6ad1048665,0.6339590443686007
nc81d3aa2b5b2129,0.2891069397042093
nc81d6a710e99117,0.07138794084186575
nc83bbc687678933,0.1110637087599545
nc849a24660c2a39,0.9247724687144482
nc84a7754cb333b0,0.39362912400455063
nc84ae20eb5007f4,0.5
nc8507f3b8177bd6,0.8791240045506257
nc85713ffc275b54,0.5816268486916951
nc85ea6b965b74ed,0.8796928327645052
nc8607f070aa755f,0.15756541524459614
nc867ac86d3de21e,0.19368600682593856
nc86d583534a49b0,0.5537542662116041
nc876245392b6b90,0.04920364050056883
nc8792ab1df519eb,0.17434584755403867
nc883551f306c8a4,0.8549488054607508
nc887780e492ccf2,0.79806598407281
nc887a1623614a1c,0.4344425483503982
nc8ad4e68aa961fe,0.8341865756541524
nc8ae6a2e9773dec,0.9562002275312855
nc8ba9bd3347f891,0.5821956769055745
nc8c52b59fca8e54,0.539391353811149
nc8c8df7a9270fe7,0.31370875995449377
nc8d20f7ddd7fe36,0.06456200227531285
nc8e986eb861deb3,0.1754835039817975
nc8eb9383967132c,0.5900170648464164
nc8fb044379ddda8,0.16680887372013653
nc905e171082bd9b,0.9510807736063709
nc9199b11122e636,0.18415813424345848
nc924a28336859b0,0.1558589306029579
nc936351b60cfa75,0.7997724687144482
nc93dd1da8a895a8,0.2699089874857793
nc93eaef7b071ed6,0.6528725824800911
nc95413d4442c9b3,0.2539817974971559
nc958bb7ac59b436,0.4333048919226394
nc970d52f79701a8,0.0668373151308305
nc97763ef307387d,0.3511092150170648
nc982ae63676ff7c,0.7232650739476678
nc9846d96178981a,0.8337599544937428
nc98de152d574983,0.12300910125142207
nc98f63d9054d557,0.9195108077360638
nc99030c426a9606,0.3764220705346985
nc9953b2f0545dcc,0.3031854379977247
nc9a68685168a9b9,0.8859499431171786
nc9b0db10ec0fb8d,0.9717007963594995
nc9b55b0697e085d,0.6286973833902162
nc9b59917ea00921,0.319254835039818
nc9b8ab27fb5df80,0.8459897610921502
nc9bfb65ac465631,0.84613196814562
nc9c1fe1022f1f5f,0.5129408418657565
nc9cdedd68eff5fb,0.1443401592718999
nc9d4be15a82cdc1,0.5804891922639362
nc9d56c074ab7098,0.7135949943117179
nc9f7cedba2e84ff,0.6513083048919226
nc9fa1f220f4fac2,0.8953356086461889
nc9fd8387057c358,0.4203640500568828
nc9fe939112b42bf,0.7662116040955631
nca08e5ef27cdf50,0.3956200227531286
nca0d6b5c801cdc1,0.41680887372013653
nca117c69b1c73e8,0.039533560864618886
nca144950be61e72,0.6348122866894198
nca1823948d335c7,0.20875995449374288
nca3423fb3fb3a89,0.7967861205915814
nca3e93f91b0181d,0.8565130830489193
nca4551854e0490d,0.5091012514220705
nca459a55500627c,0.7113196814562003
nca45fa9137b5e45,0.821103526734926
nca4e32ad4504493,0.3741467576791809
nca4fa590a454cfc,0.44908987485779295
nca5bea491f0fc62,0.01834470989761092
nca80d80459d6a56,0.20051194539249148
nca81031ad379ff9,0.5102389078498294
nca87116d5b433b8,0.72113196814562
ncaab9ac0b373338,0.6319681456200228
ncab1e29f8041251,0.7794368600682594
ncac6b897f865276,0.1534414106939704
ncac76374b5ea71d,0.8720136518771331
ncacb2490d0fa809,0.8145620022753128
ncad235b491f5664,0.7043515358361775
ncadce444fbfabe1,0.9559158134243458
ncae23a4af251f39,0.13410125142207052
ncae2b79b39dc23d,0.9889078498293515
ncaeafc70767d877,0.588452787258248
ncaee4da8c8c0d08,0.5800625711035268
ncaf7b68e4808fa5,0.6995164960182025
ncafa06edbe20e61,0.3575085324232082
ncb11cd88f7ec664,0.454778156996587
ncb1a85402edbe1e,0.5671217292377702
ncb1cdc659864e24,0.07494311717861206
ncb1f11c77d52662,0.9886234357224118
ncb23c5ff92db21c,0.7767349260523322
ncb27ba9f3605535,0.7165813424345847
ncb4081b774a2711,0.03839590443686007
ncb43f9886ec997e,0.4109783845278726
ncb456b0738b9e49,0.20022753128555176
ncb458050ccfa56e,0.3267918088737201
ncb46bae2fdc3931,0.7743174061433447
ncb4af3c1be1f20e,0.05745164960182025
ncb4cf1bdf9397bc,0.009670079635949944
ncb566db22bf91f4,0.6294084186575654
ncb6e4f20e9e4235,0.6852957906712173
ncb72f5807db7630,0.7475824800910125
ncb83ae0d553cb6c,0.8161262798634812
ncb94525e240780b,0.18785551763367464
ncb989bc922ca347,0.35352673492605236
ncba08c2b15461c4,0.0018486916951080774
ncbabf4a35b36c86,0.8168373151308305
ncbadb645c516594,0.43600682593856654
ncbc63a5aa2e9512,0.49900455062571103
ncbc84c4c9891eac,0.7094709897610921
ncbcbf284ea870d1,0.7956484641638225
ncbd0849a7dfda1b,0.35551763367463024
ncbd8e04a97a3d6c,0.05091012514220705
ncbdd1f049b60432,0.01422070534698521
ncbe8b2950c064ec,0.18486916951080773
ncbe94c24e7e7ecc,0.9340159271899886
ncbeac0fcf2070c6,0.30275881683731515
ncbed3aaf1558df0,0.12002275312855518
ncbf143e8e19f087,0.4482366325369738
ncc12bf992a956ef,0.6265642775881684
ncc234a50a351b74,0.6599829351535836
ncc2f5baa38422e1,0.3607792946530148
ncc30d20a7f25760,0.6218714448236633
ncc481f253384a71,0.18031854379977247
ncc526e988acdd4e,0.7716154721274175
ncc5ac2eb4975a72,0.4091296928327645
ncc6c758d96d8c9a,0.8677474402730375
ncc829da9c8dba53,0.4037258248009101
ncc84f3152229fcf,0.9917519908987485
ncc88c4f5d51a775,0.34428327645051193
ncc8d6c1b3e27796,0.552901023890785
ncc985e8bc4fa246,0.7996302616609784
ncc99d8f0f184115,0.3967576791808874
ncc9e5a378b67c33,0.9651592718998863
ncca3e22ce83489a,0.24630261660978384
nccb6d0765863359,0.35139362912400457
nccbea23bcc85858,0.4964448236632537
nccc94374ecf6884,0.6727815699658704
ncccb6d4dd71f052,0.9219283276450512
nccd037125e7dec9,0.5527588168373151
nccd792846a47670,0.5819112627986348
nccdd8494ec11a8d,0.47909556313993173
nccf452a5802d579,0.1222980659840728
ncd1361cd7e6e553,0.349971558589306
ncd1437018d533d2,0.5719567690557452
ncd1f1c7460f29c8,0.8678896473265074
ncd26c15e1ab2a1b,0.6042377701934016
ncd3a034c78b6292,0.5521899886234357
ncd44fe71167c1c5,0.6763367463026166
ncd4a7351aba4bbd,0.6505972696245734
ncd5be1b7e8148ba,0.43415813424345845
ncd5d4610d96b45b,0.08873720136518772
ncd652d6afdc0287,0.887514220705347
ncd6ece78d28b093,0.35594425483503983
ncd8f8a58c7fa51b,0.07821387940841866
ncd911204562f9c6,0.38680318543799774
ncd9bc6ababfa125,0.06953924914675767
ncd9ce8c93c46559,0.9160978384527872
ncd9ec7e603f47ac,0.41311149032992034
ncda208582c89cae,0.9699943117178612
ncda63fcc33c2801,0.8287827076222981
ncdb2568f0fa150b,0.5858930602957907
ncdc006a1b01082a,0.8127133105802048
ncdc032bb505e8fa,0.40600113765642776
ncdc4a1db36173ab,0.9210750853242321
ncdd3d499746845a,0.3395904436860068
ncdd86821c078b71,0.04479522184300341
ncdd88817659fb7c,0.5402445961319682
ncdf135db1265ac9,0.3597838452787258
ncdfd42618f1ae1f,0.33063139931740615
nce04b362f05a938,0.5995449374288965
nce0fdb760791fa8,0.8612059158134243
nce1cb5dc9d99371,0.689419795221843
nce2e8b1d242ec09,0.016353811149032994
nce441dc9927f511,0.028014789533560864
nce48fa35065be96,0.6781854379977247
nce61bdd65d0f291,0.31683731513083047
nce61fc08eef81b6,0.07792946530147896
nce627cf6f6c5fe5,0.22610921501706485
nce6f33b627b0d4a,0.39263367463026166
nce78b0a365b9f04,0.22454493742889647
nce8111cbda3f866,0.04379977246871445
nce8d88855480f65,0.33248009101251425
nce90851f6b97c67,0.9371444823663254
nceb0d8a6c2bf0f0,0.2508532423208191
ncec4b1b6934dd70,0.8909271899886234
nced40b993cf6680,0.16410693970420934
ncee805e3355f3ca,0.10310011376564278
ncef823772ee1e4e,0.11149032992036405
ncefb0c4fad1052e,0.42335039817974973
ncf02c53a4dcdab5,0.7933731513083049
ncf0cfaf55cb1eed,0.6089306029579067
ncf0e578c81d8996,0.032281001137656425
ncf0f1d4be277bf4,0.9580489192263937
ncf18acebcbbc1bf,0.23833902161547213
ncf19ccaff95d997,0.4792377701934016
ncf23f4db7c0bbd3,0.6399317406143344
ncf2cd9f1e3552a8,0.6682309442548351
ncf317305d07dd55,0.5568828213879409
ncf47e7f5585bc41,0.9334470989761092
ncf4f4c79760bc62,0.7441695108077361
ncf51a0b395708f7,0.04621729237770193
ncf69e3ed19ccad9,0.9515073947667805
ncf6e70d19430c69,0.6560011376564278
ncf7907c2d54fc47,0.695250284414107
ncf8e57c44bce3c8,0.3302047781569966
ncf92259440124e5,0.371160409556314
ncf9937c1a4f8a54,0.35238907849829354
ncf9f2f8cc9225d5,0.7650739476678043
ncf9f503d4995c65,0.241325369738339
ncfb055d59a2b0ba,0.34186575654152446
ncfb2e28696460c4,0.7771615472127418
ncfc2bc6ef5805bb,0.24758248009101252
ncfc729dbdcbdbb1,0.25056882821387944
ncfc75dd809d4d57,0.2208475540386803
ncfcdce138646e28,0.3256541524459613
ncfd45305b92ac9e,0.09101251422070535
ncfd860aa6c22496,0.09897610921501707
ncfe10b7443d7372,0.554749715585893
ncfe3e131ee8e55d,0.28569397042093286
ncfe8d9fbcf1cb67,0.6648179749715586
ncfebb21e07831ad,0.20762229806598406
ncff37568145d63a,0.4631683731513083
ncffcf7271556684,0.4249146757679181
nd00bb4514d66b25,0.6304038680318543
nd01193cc40960a4,0.07153014789533561
nd01236ac0725b6e,0.6380830489192264
nd014445805bdb27,0.9529294653014789
nd017162e83545e5,0.47525597269624575
nd021cf950c957e0,0.7792946530147895
nd02aa22b5c5ddb0,0.2524175199089875
nd02fb4cd8e350d7,0.031569965870307165
nd0393a2cb73d5e2,0.998151308304892
nd043f83b41ebb5b,0.20676905574516496
nd04aec053971346,0.18600682593856654
nd05215c0d183f7e,0.0335608646188851
nd06142c542c628c,0.5948521046643913
nd08198ff9c9f95c,0.015500568828213879
nd084c925b54fd26,0.3580773606370876
nd0854f3b86a61c1,0.10992605233219567
nd08b2e12548eff2,0.7016496018202503
nd0919b040437174,0.001422070534698521
nd095b8aad3229ce,0.2143060295790671
nd09cec9627ed62f,0.5449374288964732
nd0ad2fa0c208b55,0.8978953356086462
nd0b1bc51d78923e,0.47852673492605236
nd0b5ed1fc847d6f,0.9421217292377702
nd0cecdb567fdc41,0.038680318543799774
nd0d0794844cf256,0.3064562002275313
nd0d1bb23061608b,0.9667235494880546
nd0f4865b5da4219,0.7376279863481229
nd0f50954aeaca6c,0.7669226393629124
nd1044f72538eced,0.10267349260523322
nd10d7efe3f271c6,0.7819965870307167
nd114f9a9e71091c,0.3974687144482366
nd117b2d6dbc09ab,0.3590728100113766
nd11cb0e258f060d,0.7747440273037542
nd11ce819f3bc57c,0.5113765642775882
nd1213c3abaadc97,0.16040955631399317
nd121b0eefa8dd10,0.8919226393629124
nd12ec815254c7ed,0.3391638225255973
nd13505a01cb7a56,0.5565984072810012
nd13d06d58315fff,0.27033560864618883
nd140b44f013d961,0.24744027303754265
nd1465c3fd26a2ff,0.9823663253697383
nd1483d737afd834,0.011234357224118316
nd15306c2078c844,0.9031569965870307
nd16fef76541119b,0.8700227531285551
nd172564775683f4,0.9546359499431172
nd181c71f47f55cc,0.6187428896473265
nd181ea51cffc97d,0.6672354948805461
nd1826d69afac0e2,0.5369738339021616
nd18bf3aaed1711e,0.07352104664391354
nd18fdb7021dd282,0.7962172923777019
nd19574fdd8becc8,0.6116325369738339
nd1b68f9625ae8aa,0.6547212741751991
nd1b88d741db80f6,0.07892491467576791
nd1b89b0a0b71206,0.1648179749715586
nd1c06227549e249,0.05474971558589306
nd1ca002c072d66a,0.19340159271899887
nd1ca79022488cf8,0.2347838452787258
nd1e326cbcacb698,0.5652730375426621
nd1e7b4426070c6c,0.8492605233219568
nd1e8907af5c1f26,0.9542093287827076
nd1ea28d7f3051a9,0.772042093287827
nd1eb6acc46b9518,0.06697952218430034
nd1f442970f1001b,0.17733219567690559
nd200ee1a53e28ca,0.17676336746302618
nd2202cac63ab2c6,0.2947952218430034
nd22781989ce163f,0.7913822525597269
nd22ac82f795e778,0.3560864618885097
nd24ea70da12f744,0.21686575654152446
nd25262f58afe183,0.09726962457337884
nd255370bd54507f,0.2380546075085324
nd2617792042099f,0.20193401592718999
nd267fd43eed5e4c,0.2191410693970421
nd27213414f5a365,0.3296359499431172
nd27554703652e31,0.3946245733788396
nd28284633e8c13f,0.9581911262798635
nd290d66d0b7f25e,0.8764220705346986
nd297110cef79c3d,0.8690273037542662
nd29fa83aa22a262,0.0305745164960182
nd2c801ef96038f1,0.816410693970421
nd2c802cab31eee6,0.5661262798634812
nd2dea38bec00567,0.04010238907849829
nd2e69d73063f8a2,0.4361490329920364
nd2ee1e0c79e3a08,0.3859499431171786
nd2f3221b1fbd737,0.23705915813424347
nd2ffbdbb536e3c8,0.8078782707622298
nd304eabc2ac6e59,0.3265073947667804
nd307bb27c5c5cfa,0.12599544937428897
nd30da550c4f77fd,0.04763936291240046
nd30e9e8fc9f9c09,0.752844141069397
nd312096b57b8c6e,0.07636518771331058
nd320e66d87a7eb5,0.8023321956769056
nd321fa057886444,0.8407281001137656
nd3307ebaaffa058,0.42406143344709896
nd336e4546deb750,0.9860637087599545
nd3395376534faa4,0.6204493742889647
nd33a587982f3950,0.3191126279863481
nd346475346e9191,0.4468145620022753
nd34f49819cb0bc1,0.8829635949943118
nd355067979a5567,0.24701365187713312
nd35caf20739955c,0.4473833902161547
nd3641b5a160ec51,0.638509670079636
nd36f296c9284b06,0.5631399317406144
nd3843b2e326724f,0.03896473265073948
nd3936e82f10f381,0.7804323094425484
nd3a312c8615d7f1,0.728811149032992
nd3a4d28faf89769,0.9987201365187713
nd3ad4cbedf841d2,0.10281569965870307
nd3c55f8a01bf058,0.7194254835039818
nd3c8241e18297c3,0.10295790671217292
nd3c9b2ab5ad91ee,0.8006257110352674
nd3cee3e47b86d25,0.6494596131968146
nd3ddc5101b70993,0.834613196814562
nd3e0f91eb80ff0a,0.25227531285551763
nd3e825a127993a1,0.30119453924914674
nd3e9680f4b67ea3,0.57693401592719
nd3eb4c3d6df186a,0.3488339021615472
nd3f47d0a7410ad9,0.7785836177474402
nd3f6296af49a38f,0.474971558589306
nd4011215e5b7b93,0.4941695108077361
nd401ecd2c8397c5,0.2737485779294653
nd40518e38ea8c7e,0.5046928327645052
nd40985366c814ac,0.5921501706484642
nd41a55394fe0515,0.7655005688282139
nd42fc5cb4f828e3,0.17363481228668942
nd43a658ab94350c,0.4756825938566553
nd4506b80f7637f7,0.31840159271899887
nd457fb261c4fb79,0.010523321956769055
nd45c3affb37a7c8,0.5949943117178612
nd45cad5c079bd5e,0.8048919226393629
nd46266331689a0c,0.44397042093287825
nd46a0e58aa8e114,0.10679749715585893
nd47d4022c7ba2fc,0.37372013651877134
nd47d484612ac340,0.6230091012514221
nd486a5ee70d4dc5,0.48506825938566556
nd486c131ee54fb0,0.15457906712172922
nd48b528b5288b87,0.9025881683731513
nd48b94248fc8288,0.27047781569965873
nd48f28eb0a9e7bb,0.5187713310580204
nd49d4964e1dda30,0.7208475540386803
nd4a605fce53ecf4,0.2164391353811149
nd4ac602ce08ddac,0.7656427758816837
nd4b2b1759f6b73e,0.8447098976109215
nd4b61c80d6aa70d,0.08276450511945392
nd4cd566b97de75b,0.9799488054607508
nd4db8aa43e3bb7f,0.7255403868031854
nd4e1f46823689cf,0.023464163822525596
nd4e53c85206843b,0.1891353811149033
nd4ee1b4381ca987,0.8789817974971559
nd4ffdbfa9d10594,0.8666097838452788
nd50a84c6c3cb732,0.835608646188851
nd512a62343bb345,0.7120307167235495
nd517cebeb71fa09,0.8040386803185438
nd52c7e94c91bd9c,0.46473265073947667
nd52fb89be8feb26,0.3054607508532423
nd5542d982f4778a,0.6362343572241184
nd5550951e2bad82,0.641353811149033
nd55848ffcb3b025,0.17761660978384528
nd55c16070d4be0e,0.5484926052332195
nd573b358995b934,0.9589021615472128
nd5767407e40e924,0.42562571103526736
nd57711c34fd3881,0.43785551763367464
nd58a628f774e155,0.9873435722411832
nd591a37d3704619,0.9739761092150171
nd597db1aa1d8822,0.13737201365187712
nd5988460485bba9,0.15699658703071673
nd5a82feed53f657,0.8772753128555176
nd5ad2198e4e83b3,0.7401877133105802
nd5ad719e1919cfe,0.6541524459613197
nd5b816182d2e493,0.46601251422070533
nd5bdd8ba7fb6056,0.305745164960182
nd5bddf79f633542,0.4950227531285552
nd5d813d357583d6,0.193259385665529
nd5dd305b33da055,0.038822525597269626
nd5dfcf90de10bf2,0.8245164960182025
nd5eaed23de84955,0.6770477815699659
nd5ed2e020cad8e7,0.6059442548350398
nd5f0dde69514871,0.8862343572241184
nd6025df3c10718a,0.48705915813424344
nd60f6b0c6ab2b13,0.7972127417519909
nd6295cb2a8823ae,0.4880546075085324
nd640067070edcaa,0.6500284414106939
nd65629f9abc727b,0.04124004550625711
nd65e197d65defc4,0.1938282138794084
nd673d88494d13c6,0.06897042093287827
nd67bdcf4feaf2d0,0.5137940841865757
nd681924a40eae35,0.23137087599544937
nd682aec75eac0c8,0.9239192263936291
nd6850ac121b6d7a,0.5516211604095563
nd69b0b85f194c10,0.632679180887372
nd6abf1737bf0e32,0.8363196814562003
nd6bce9d252064bf,0.8205346985210467
nd6bde8a69cff853,0.6069397042093287
nd6bf0700d50ec6c,0.2128839590443686
nd6c034cf3e7b235,0.18870875995449374
nd6c5dd7e287e3fb,0.5812002275312855
nd6c8ae3f9ed08ba,0.18344709897610922
nd6ca02fecef39ba,0.9573378839590444
nd6cf9d9e2755847,0.8228100113765643
nd6e6de99e5f8b99,0.19112627986348124
nd6eb4eb60868cd9,0.997155858930603
nd6f30281d865f3d,0.02147326507394767
nd7014f7f1191dc7,0.7133105802047781
nd72543a17b25406,0.7582480091012515
nd73fc63c4eb7a07,0.9354379977246872
nd741a689de5716d,0.01749146757679181
nd74e271dfa575a0,0.2627986348122867
nd7537e235985df9,0.06072241183162685
nd75827090523910,0.6621160409556314
nd7692210d8ec489,0.5875995449374289
nd77f9fe0f50e7bd,0.41424914675767915
nd780793e798dcad,0.5580204778156996
nd78131513b2ca81,0.26649601820250285
nd78d3b71b1446f5,0.6771899886234357
nd78e63d1dac5afc,0.3791240045506257
nd79229dc111e150,0.5826222980659841
nd793e64a3716cf6,0.6565699658703071
nd79c8f748c98276,0.7773037542662116
nd7a4300213a9873,0.7910978384527872
nd7af83b3aa8c87a,0.6841581342434585
nd7cb893dafedad8,0.3209613196814562
nd7ddd007af498c6,0.10096700796359499
nd7ec15f7b5d5662,0.7191410693970421
nd7fe4326cc5562c,0.9992889647326507
nd80416118232770,0.13083048919226395
nd806bf4624e7ec3,0.2573947667804323
nd80a70a13e47e4d,0.7657849829351536
nd8192cbdc67b1e8,0.6484641638225256
nd81b1e9a7358a32,0.9284698521046644
nd8209e477b6c37c,0.5622866894197952
nd8256a1cb329dda,0.2622298065984073
nd82a7978a931c0c,0.9920364050056882
nd82be11259cf228,0.9303185437997725
nd82e7eddd9fd3d4,0.5473549488054608
nd834f535862f810,0.9463879408418657
nd83543fcd217a9b,0.9792377701934016
nd837aefba711f63,0.3478384527872582
nd845c2da7343014,0.9156712172923777
nd84d49a8235a6d5,0.24360068259385664
nd8596eb3e0e1c6c,0.8451365187713311
nd880173166a59d5,0.940415244596132
nd881b831560f460,0.6867178612059158
nd88a46e6255b310,0.8027588168373151
nd8972bbf7d4105f,0.5898748577929466
nd8b92aec63c68cd,0.21302616609783845
nd8c28a22d343cb2,0.18927758816837315
nd8c6120176384d6,0.5324232081911263
nd8c6477f934be7e,0.6359499431171786
nd8c71696120c290,0.6205915813424346
nd8d3530234f8c13,0.3845278725824801
nd8e0d697acc344b,0.8013367463026166
nd909a192afdbcaa,0.42377701934015927
nd90bfd9dc586894,0.7246871444823664
nd90e7985a553b44,0.9728384527872582
nd913ab7b1de9f00,0.314419795221843
nd91c0081e168b83,0.4718430034129693
nd9271efa8de38ca,0.25369738339021614
nd93adfc141d272f,0.03583617747440273
nd93c261769aff4c,0.6184584755403868
nd9407222b3ee620,0.7130261660978384
nd9454455e0e0da3,0.4271899886234357
nd95d9ac2c78c466,0.27517064846416384
nd95e08fa2af8628,0.4928896473265074
nd95f14ae79dae77,0.5174914675767918
nd960410fc487d42,0.7108930602957907
nd9644b07039265a,0.23791240045506257
nd96cfeb2ae9ae27,0.03341865756541525
nd96edca44fe59e0,0.6713594994311718
nd971a8768361c7e,0.3351820250284414
nd9935ecb6bc5876,0.7444539249146758
nd997b618596f2da,0.1787542662116041
nd9999c502def29b,0.363481228668942
nd99df2cf31374d9,0.0005688282138794084
nd9a4bfd0a46a070,0.0873151308304892
nd9a8c1488f41947,0.29266211604095566
nd9a930667cb5d59,0.5698236632536974
nd9bebbabdf9d324,0.3185437997724687
nd9bed2ce16428b9,0.4121160409556314
nd9c45c74250b8d0,0.6028156996587031
nd9c89ae8985c437,0.33717292377701935
nd9cd03bf9a74317,0.551905574516496
nd9d17e01ebdd5e8,0.8850967007963595
nd9eea6f88dba8ed,0.6537258248009101
nd9f7150f1992528,0.6311149032992036
nda05afd41a77238,0.767349260523322
nda0b215cf3de7db,0.7273890784982935
nda0db8e201f1796,0.7541240045506257
nda1f959f54b0770,0.42121729237770195
nda2820334440375,0.6358077360637088
nda357d4a729262e,0.6676621160409556
nda3a17e1d55e016,0.5354095563139932
nda477b0d2edfc4b,0.2764505119453925
nda52952bdf67fc8,0.8498293515358362
nda629cb5fd19de5,0.06925483503981797
nda67277b942c301,0.5206200227531286
nda69bd6b7529770,0.21629692832764505
nda715e8b2787500,0.3518202502844141
nda756a7414d30b1,0.02573947667804323
nda84671e48ee840,0.07593856655290103
nda8f2d1b6e3c038,0.8590728100113766
ndabc2ab235a4054,0.7417519908987485
ndabe6a2b463a07b,0.11305460750853243
ndaca7d7e894a7aa,0.8222411831626849
ndad877aca5a039e,0.8199658703071673
ndadd2e57875c1b4,0.334613196814562
ndadf67e93e43a97,0.064419795221843
ndae09ff48530df5,0.01478953356086462
ndae1c071cda0c99,0.24715585893060296
ndae2722f0232628,0.3742889647326507
ndaf8234b63a4317,0.34940273037542663
ndb02858c2145f1a,0.08816837315130831
ndb04180a2ac9a7d,0.23535267349260525
ndb0702b8f9765e5,0.4072810011376564
ndb29afc2b85a503,0.39661547212741755
ndb2d5a7449ffd61,0.838452787258248
ndb330d2e89ee0f3,0.7899601820250285
ndb3697736ccc0c2,0.9604664391353811
ndb3fd15306fcf20,0.5051194539249146
ndb46cf1e1251931,0.19766780432309441
ndb5afc228db4342,0.6751990898748578
ndb648f4fbfad3f1,0.3543799772468714
ndb684de8a7451dd,0.04465301478953356
ndb7b9ba1e87829c,0.8872298065984073
ndb7e6b7701d9a22,0.5729522184300341
ndb9e0113eb24407,0.677901023890785
ndbabadfdd17dfbb,0.7623720136518771
ndbb6134d6987b2b,0.23378839590443687
ndbbc76f86b699c1,0.8671786120591581
ndbc2fdf4d54ed16,0.46032423208191126
ndbc92f3bafc42d6,0.5005688282138794
ndbcf8ed9abf0ee6,0.2612343572241183
ndbd1c872da6c068,0.37158703071672355
ndbd1e984b670ba1,0.5352673492605233
ndbd6470bc1ee853,0.8821103526734926
ndbd7ceb45d46679,0.0021331058020477816
ndbde9fe6bb5734c,0.7175767918088737
ndbec3428a46ce95,0.6342434584755404
ndbf17cdf1559db6,0.33859499431171786
ndc11893f2ffac12,0.2630830489192264
ndc13c444cad0b2a,0.21544368600682595
ndc2e2344d152d7f,0.6686575654152446
ndc402bb1bffff9c,0.2669226393629124
ndc45151eaa52bea,0.41751990898748575
ndc4a4253db23a55,0.7252559726962458
ndc51556662548be,0.7999146757679181
ndc517b32e28f444,0.5534698521046644
ndc52ead52d8dd07,0.7107508532423208
ndc661eda8bd769d,0.6614050056882821
ndc69e7e73d4ac7d,0.9024459613196815
ndc6d6bc8d00af0b,0.6696530147895335
ndc7cee77f5fa501,0.06655290102389079
ndc802930a5d6b6e,0.02289533560864619
ndc8714edbc6ad13,0.9242036405005688
ndc8eef093eea663,0.08546643913538111
ndc98a99e43582bd,0.6018202502844141
ndca2cd7d708dd60,0.6796075085324232
ndca6e959c15ed66,0.8441410693970421
ndcb995769ba63d8,0.059726962457337884
ndcbe6b6fd7803c6,0.29323094425483504
ndcc7df058e231d5,0.2871160409556314
ndcc9b186ede7e5d,0.48023321956769055
ndcccbf42f128c95,0.427901023890785
ndccd4cd7921e791,0.5446530147895335
ndcd2c0adde63539,0.5342718998862344
ndce2213d62374b1,0.6140500568828214
ndce3a40ed248c7c,0.9897610921501706
ndce46dee2800911,0.5399601820250285
ndcf2770345c8354,0.5143629124004551
ndcf4078eb1d9593,0.7053469852104665
ndcfb4c33791bf12,0.7420364050056882
ndcfefc282622eef,0.11348122866894197
ndd0ecb511d22e2d,0.5817690557451649
ndd166840f391693,0.6992320819112628
ndd21e9c8c1f78ef,0.29835039817974973
ndd2fe58e9441550,0.11760523321956769
ndd32afa3576114d,0.8870875995449374
ndd3a3c0356f0f95,0.7797212741751991
ndd41936a3527da1,0.5312855517633674
ndd442f9589df50b,0.20932878270762229
ndd450f1061e3092,0.6793230944254836
ndd57481bba77e7d,0.049630261660978385
ndd71b0008c67cbf,0.6550056882821388
ndd71b43c07d5271,0.6356655290102389
ndd766f48b4825e2,0.22255403868031853
ndd79d1240906847,0.21871444823663252
ndd7f30e9240955f,0.18273606370875994
ndd805005603b5b5,0.1419226393629124
ndd80b73b69ea129,0.09442548350398179
ndd83ffefe7fc299,0.9176621160409556
ndd8c4f28c5e52a1,0.7814277588168373
ndd903741fbfa77d,0.7110352673492605
ndd943a41a9b87a6,0.7831342434584755
ndd962f1eafc210e,0.6449089874857793
nddaa128adeebcc2,0.9576222980659841
nddb48bc11268d3a,0.591296928327645
nddd8bfacd85c123,0.1897042093287827
ndde6fd90c08cf04,0.37784414106939707
ndde914874d1a1b0,0.37699089874857794
nddfc064b7be5782,0.5025597269624573
nde0c979a9063140,0.8658987485779295
nde3336c5ec4de99,0.23250853242320818
nde3f917c99418bb,0.4129692832764505
nde4106f3cb27989,0.1591296928327645
nde4de3dc51a6134,0.4148179749715586
nde65462ebc9ab9e,0.9362912400455062
nde69ad5b90aa319,0.06584186575654152
nde70f9c988e237c,0.08475540386803185
nde83c8aa98c9097,0.2928043230944255
nde8d09e8be305ea,0.1599829351535836
nde962b29cd263ff,0.6166097838452788
nde9a6f8c75741b6,0.33831058020477817
nde9e04fd8c184e7,0.8600682593856656
ndea65ef79609180,0.4274744027303754
ndeafa9a9647ab91,0.23577929465301478
ndeb562e087847c0,0.8115756541524459
ndec8c85f0378476,0.21103526734926054
nded8b5f59781861,0.3583617747440273
ndee39a688ffbf8f,0.3731513083048919
ndeea6b59c4659a4,0.23862343572241182
ndef21e0607c9fec,0.6879977246871445
ndef6c5c9253cb69,0.9455346985210467
ndefcbcad934288d,0.35679749715585896
ndefe67192a05791,0.3771331058020478
ndf0f0f57eef168c,0.6618316268486917
ndf1457f6f2fdc35,0.5169226393629124
ndf1d933fffd1c66,0.431740614334471
ndf27790e85247c2,0.8474118316268487
ndf2c48848421f99,0.9013083048919226
ndf2e74dacacc623,0.3078782707622298
ndf523e9bf75e2e7,0.17007963594994313
ndf5d956bf5d2258,0.7477246871444824
ndf5d95d25e6f1fd,0.4087030716723549
ndf7dc0f9e876d9b,0.49800910125142206
ndf85d4dd4751aa6,0.5775028441410694
ndf8aa4c550633d0,0.23592150170648465
ndf8f6e895bba8c3,0.3843856655290102
ndf9d2dd91337cb8,0.7515642775881684
ndf9e47607dc3280,0.5455062571103527
ndfa6e8bf706a800,0.0775028441410694
ndfb2126d358d69b,0.05915813424345848
ndfb4423c2f71b20,0.9347269624573379
ndfb4f85ed84b1fc,0.47810011376564276
ndfb533b978a3b64,0.82693401592719
ndfb61ecfa45094f,0.5867463026166098
ndfc95a30d507e81,0.40671217292377704
ndfcc6dd342762b6,0.8856655290102389
ndfd8e1fb6c968b4,0.9209328782707622
ndfd8f11f4922b35,0.015073947667804323
ndfea6ed27cb0c64,0.0777872582480091
ndff1a09fac74817,0.20662684869169512
ndff8b7fb12cef13,0.8017633674630261
ndff8e289806d104,0.5264505119453925
ndffcf38b3692e5e,0.7637940841865757
ne007bb48168232c,0.9940273037542662
ne00e42978e7b7cd,0.7440273037542662
ne01247e10db41e2,0.2327929465301479
ne021ef12689139f,0.8676052332195677
ne02a62d42b5df9c,0.3724402730375427
ne03a78cdbc12f19,0.7600967007963595
ne04f8df87494065,0.15401023890784982
ne05870a68f1a0fe,0.9453924914675768
ne0609d922c38afd,0.3823947667804323
ne066e32582f02ba,0.026450511945392493
ne06a24e56245c6a,0.5743742889647326
ne06bc6ba2db4040,0.17946530147895334
ne07b24ebb6a8c43,0.7859783845278726
ne07dc4048f9c523,0.8081626848691695
ne08051f1245c1ea,0.14732650739476677
ne0859dbd8ce93c9,0.7891069397042093
ne0882f4fca9e88f,0.2822810011376564
ne08a4669d6f4031,0.6689419795221843
ne08f6f9fc93829d,0.5072525597269625
ne092ba28aff82f4,0.411547212741752
ne094ff3ce5902c8,0.8734357224118316
ne09532b74118bfc,0.5847554038680318
ne0967d9eb81f8e3,0.7923777019340159
ne09d2c52bda44b2,0.9833617747440273
ne0a688670d295b8,0.45847554038680316
ne0ac8f9ff1d38a8,0.8661831626848692
ne0beeb04ff5217a,0.7791524459613197
ne0d986eecb8e737,0.751848691695108
ne0eb75e88c19309,0.17775881683731512
ne0eeba0bde97369,0.375
ne0f8909be0c12e7,0.8232366325369739
ne1012bd3161dd9b,0.7696245733788396
ne1013ac8e86d675,0.7234072810011376
ne108d20392588e7,0.060580204778156996
ne108e31b8f596f5,0.09613196814562003
ne10f951dfcba028,0.9617463026166098
ne1331d91babbb2d,0.1517349260523322
ne1499e374be482a,0.49687144482366324
ne14f4c69f9698c9,0.7639362912400455
ne169111f52448ef,0.5180602957906713
ne16a858cbf506f7,0.1951080773606371
ne182d37c86e2699,0.391353811149033
ne18a045580b06f6,0.09286120591581343
ne18d1bb0a6e24c5,0.8589306029579067
ne194d6721bbf402,0.45819112627986347
ne1b07ca0ec680c1,0.05261660978384528
ne1b61b395a34a08,0.07679180887372014
ne1c024cefad169a,0.20918657565415244
ne1d46f8ea31abae,0.16012514220705348
ne1e0cf48f35f598,0.9121160409556314
ne1fb206737f0247,0.22127417519908987
ne201495a1a5ab03,0.6483219567690558
ne22bbd2e63eeec4,0.464448236632537
ne22c8d22abad2e1,0.0810580204778157
ne233cc3806319bb,0.9261945392491467
ne24665806ad6a49,0.1733503981797497
ne24a968b46753ec,0.8415813424345847
ne255d28509c1881,0.055034129692832764
ne259dece65b729a,0.9734072810011376
ne263a617b6618c0,0.5621444823663254
ne26b14448957aa3,0.7006541524459613
ne26c7161057e8ce,0.048919226393629126
ne275584cbedffbd,0.7081911262798635
ne28c756c57b296d,0.04849260523321957
ne29a54fb44c4d79,0.4311717861205916
ne2b96a0b8d78107,0.7249715585893061
ne2c8d88b92bd1bf,0.1113481228668942
ne2c984fe615d590,0.6099260523321957
ne2dade781933c51,0.7802901023890785
ne2e0f950a47b8a3,0.8936291240045506
ne2e315f5c849db5,0.7265358361774744
ne2e4c289ff77223,0.7335039817974972
ne2f25d72afb7dbd,0.0703924914675768
ne2f625a53cb645d,0.5780716723549488
ne2f6fe9c73b0f18,0.9286120591581343
ne30b34078c12f08,0.10110921501706485
ne31257faf4c501c,0.43358930602957907
ne319bec3f7bc44e,0.7023606370875995
ne324251e866bc59,0.7565415244596132
ne3247688986c705,0.2556882821387941
ne338e4b231b7ec4,0.21956769055745165
ne344537867585d7,0.8641922639362912
ne35431b6984a5c8,0.19681456200227532
ne359ce706b681af,0.07224118316268487
ne366abebd0d3759,0.2150170648464164
ne36ea0cea047133,0.4388509670079636
ne3721614e2af0a1,0.002844141069397042
ne376721994d39aa,0.8835324232081911
ne377cb6d7998bfd,0.23208191126279865
ne392149c6cef21b,0.41112059158134245
ne39b577089e3cb7,0.5991183162684869
ne3b8bb3756342c0,0.889505119453925
ne3cda3ff8581870,0.8131399317406144
ne3d1eb3b500e15c,0.282707622298066
ne3d2e9215b0c330,0.6874288964732651
ne3d608149a568bf,0.40159271899886234
ne3d682c4cdc6023,0.8007679180887372
ne3d6a88a27c4676,0.022753128555176336
ne3d962fcc37d1b2,0.9783845278725825
ne3dd7442fe35835,0.39121160409556316
ne3e4b0f03b84d65,0.2608077360637088
ne3e86dc8f8079a0,0.1632536973833902
ne3f827e55f2294a,0.5237485779294653
ne3fdc0bbee6262b,0.39547781569965873
ne409fa5926b0605,0.9085608646188851
ne40df7a6dcad23b,0.9142491467576792
ne40ef5181fefebe,0.9061433447098977
ne42692118cbca0b,0.5797781569965871
ne4318f4a99a820a,0.3253697383390216
ne43431f540dddbe,0.7680602957906713
ne4492a04cd811ba,0.4260523321956769
ne45904e065d1ef8,0.6341012514220705
ne45cefbeb83708a,0.5021331058020477
ne465566eb6cedab,0.30659840728100113
ne46f910bec634b7,0.6171786120591581
ne4738a35a080947,0.2306598407281001
ne47869df8c9721f,0.2595278725824801
ne4854b4c863394d,0.8294937428896473
ne488401098b25cd,0.205773606370876
ne48f1a04e09aa07,0.7396188850967008
ne4b5c69247e5359,0.7815699658703071
ne4c5d458f495780,0.4119738339021615
ne4cfd240df3504d,0.47155858930602956
ne4d39c7616fb169,0.6094994311717861
ne4dbc441163983f,0.5848976109215017
ne4de879ea00e82f,0.3565130830489192
ne4e0c259100ba01,0.7087599544937428
ne4fe3c7610b5599,0.9082764505119454
ne506868e6bc46ca,0.26493174061433444
ne509fb81c1aaa48,0.08418657565415244
ne514a7bae537a1a,0.6544368600682594
ne517fb5313b9c55,0.35921501706484643
ne518fb721a5c9e5,0.2084755403868032
ne52de3bfec5d99b,0.09684300341296928
ne5419e8b2c12843,0.42207053469852107
ne541d1194d48f02,0.4525028441410694
ne5462e07ac1398c,0.9189419795221843
ne55cf99a0b7e127,0.09001706484641639
ne563749cdc849a2,0.2659271899886234
ne56ae6eda1e9f92,0.7660693970420933
ne57b6c0e65fbba1,0.3033276450511945
ne58939ca8d7eb66,0.9348691695108078
ne59dbf5980e6d72,0.9543515358361775
ne5a0367dfb64682,0.7714732650739476
ne5a1d3ddd1a175a,0.22170079635949944
ne5b21bb79a19474,0.5295790671217292
ne5dee4826f9b38a,0.4645904436860068
ne5e627a5e6fa560,0.7842718998862344
ne5e87a15e7d7990,0.2101820250284414
ne5f0a04909f3aab,0.6338168373151308
ne623dfe1e42f257,0.6639647326507395
ne631fcac105292b,0.754835039817975
ne635b9fd26defb0,0.9507963594994312
ne63de728cb84226,0.24274744027303755
ne640a4379ad5ad3,0.8617747440273038
ne64445ad0d49c9a,0.31143344709897613
ne64ae3390f7a47e,0.6594141069397043
ne65046fa0985138,0.9387087599544938
ne6584964d1d0b7b,0.1247155858930603
ne65872136ed75df,0.2966439135381115
ne667b7b6de5eda3,0.6149032992036405
ne66feeb664f51d5,0.12755972696245735
ne68e4a220f628ba,0.7498577929465301
ne6a38a09b4be2be,0.5642775881683731
ne6a6f0094598896,0.7781569965870307
ne6b90a06ffa753d,0.16296928327645052
ne6c0bcf424b0184,0.9665813424345847
ne6ce3d50fd78949,0.6039533560864618
ne6d0ac9563e54c1,0.6582764505119454
ne6d213938ddb574,0.8431456200227532
ne6d372c29585a2f,0.8226678043230944
ne6d3d802a2e7b13,0.6828782707622298
ne6d91cd02d0331c,0.43757110352673495
ne6da419ff05a9d5,0.5059726962457338
ne6de603182efee6,0.7187144482366326
ne6ea6f52094de9c,0.9368600682593856
ne6ef306f7ee0958,0.4616040955631399
ne6fb4179a5c3b3b,0.602957906712173
ne7057083bfa04c6,0.38609215017064846
ne713fc403db86b5,0.14775312855517633
ne7145006fc7d19f,0.9842150170648464
ne714688c5aa9502,0.8462741751990899
ne72e6d756d20c68,0.17960750853242322
ne737b9e90b03699,0.7063424345847554
ne73e3d5e3979494,0.17704778156996587
ne742c8064511e00,0.8718714448236633
ne7454a4040b6306,0.38310580204778155
ne746dd77dd0a70c,0.7147326507394767
ne74a15e811f86ce,0.8988907849829352
ne75ffe2e79eed3c,0.18145620022753128
ne76627ff1794d32,0.7633674630261661
ne7767fd6d777041,0.9233503981797497
ne77b3efc488fe5e,0.37215585893060293
ne78e6f8bc80107b,0.8334755403868032
ne795b5dba3431be,0.8674630261660978
ne79c68c26181220,0.012372013651877133
ne79eb7c8c200e28,0.39505119453924914
ne7a089308133574,0.08560864618885097
ne7b564c57503a8e,0.6668088737201365
ne7b573f3e47b3d8,0.17150170648464164
ne7b746067b433b0,0.9052901023890785
ne7bfc61344c7e68,0.19482366325369738
ne7c7fdb9c4253b9,0.48080204778157
ne7c84e067900dae,0.7868316268486917
ne7d72521d61f1b2,0.34982935153583616
ne7dcc443f5246a5,0.20292946530147896
ne7e03c2cd96e372,0.3670364050056883
ne7f3ef840bdc779,0.5024175199089875
ne7f86d9747ac231,0.4705631399317406
ne7ff7a1b4cda8ad,0.2841296928327645
ne812bdb8db2db95,0.841296928327645
ne81d82fe871a776,0.48051763367463024
ne81e5d9b4fa7feb,0.5910125142207053
ne824c52c4edd610,0.3996018202502844
ne82da5c944f8531,0.48421501706484643
ne832f56a4cdaa70,0.23620591581342434
ne848116c5ad2e0c,0.6530147895335608
ne8521103686444d,0.9374288964732651
ne85a34228fc3bdf,0.9762514220705347
ne85c00c014cce56,0.9830773606370876
ne8627746051eca4,0.16908418657565416
ne88770e89cec00c,0.08959044368600683
ne88a16cd72d925f,0.9415529010238908
ne89876f85d6bee2,0.3286405005688282
ne89a0477c7daa65,0.05716723549488054
ne89bc7bbf9da70a,0.47042093287827075
ne89dbe6365e1be6,0.9232081911262798
ne8c971570aa07d3,0.39419795221843
ne8cb84aa90baa2e,0.5453640500568828
ne8d75a85c5247bf,0.9998577929465301
ne8dd0dd3599c415,0.23108646188850968
ne8e2f20e3dfc9e1,0.6742036405005688
ne8ef2e5d1e69509,0.617320819112628
ne8f55ca0bdb1619,0.5075369738339022
ne9157837e56fb9d,0.133674630261661
ne922449e41284e2,0.5577360637087599
ne922b1bcc70e57d,0.257679180887372
ne924d72f17f17fd,0.4227815699658703
ne92ada89fecce01,0.9222127417519909
ne92dddacf77bdb1,0.7229806598407281
ne92f1db33afdeec,0.7286689419795221
ne937596430ff36c,0.5628555176336746
ne93b48fda2808cc,0.40998293515358364
ne946f37099deafe,0.44980091012514223
ne94d519a465d459,0.07281001137656427
ne95589697db88d4,0.6156143344709898
ne9562f00a15f416,0.19852104664391354
ne95944fbaa1fe6d,0.9135381114903299
ne95a35ac2aef25a,0.7383390216154722
ne95a3cb1132124e,0.18401592718998863
ne95a965bdf49d42,0.8063139931740614
ne95d2bb03b17633,0.7519908987485779
ne95e2ac25bbc46f,0.24104095563139932
ne96d84db7e6039c,0.729806598407281
ne97036444a14e2c,0.25312855517633676
ne97c8063aaa3563,0.0848976109215017
ne97f50e206d5fb9,0.8956200227531286
ne9803a365552523,0.07508532423208192
ne9806ade46ee3aa,0.941410693970421
ne9857524c144b41,0.0911547212741752
ne991e32c0649a0d,0.32878270762229805
ne9a539c6fee8d14,0.5088168373151308
ne9a68b88fc8a41b,0.09812286689419795
ne9ae84854697fa9,0.2956484641638225
ne9b101be0b877b3,0.45420932878270764
ne9b760be8dd55d3,0.1798919226393629
ne9c7ad50a7a35fb,0.40514789533560863
ne9de98ad9d18e33,0.850967007963595
ne9e4f4fedc148bd,0.4426905574516496
ne9e92b9135df1e4,0.6699374288964732
ne9e9b133009ee0a,0.7844141069397043
ne9ebcb727ff4c01,0.31939704209328784
ne9f1bbc6490fd65,0.7431740614334471
ne9f1d6d1dfd597c,0.7556882821387941
ne9f62600e7c3a8b,0.06171786120591581
nea02b1b1fa68829,0.2802901023890785
nea070b3c3277746,0.27360637087599543
nea07bd62f6071ba,0.8758532423208191
nea1fd6f69e9bfea,0.7605233219567691
nea231206adcc2ba,0.8993174061433447
nea289c4faeebc11,0.24488054607508533
nea3086454f4420a,0.9448236632536974
nea3491bc99a65b5,0.1579920364050057
nea3b71448293abd,0.5396757679180887
nea41e4224e75fc6,0.7042093287827076
nea46138189487f6,0.9146757679180887
nea4c88aba6e75cb,0.14675767918088736
nea57ee8e1f2f425,0.550056882821388
nea6143dd8db16bd,0.4694254835039818
nea82e598b475d76,0.3036120591581342
nea86fb935dfb04a,0.14362912400455063
nea9c1b081727998,0.4162400455062571
nea9c68d4b406c2f,0.5348407281001137
nea9dc65be7a8f09,0.041666666666666664
neaa1b22eee7ed49,0.3633390216154721
neaaac50e98902f2,0.027445961319681456
neaac58a1ad6f786,0.5676905574516496
neacf60e77c863ff,0.7592434584755404
nead3125cdb67a4e,0.38467007963594996
nead3bd2994a6697,0.5627133105802048
nead401d378b928e,0.47113196814562003
neaeb2d62e77530a,0.6232935153583617
neaf0374198adb83,0.7539817974971559
neaf4321072b5eb1,0.7278156996587031
neafa88e6b7b4f77,0.4020193401592719
neafe1aeaa7e4353,0.5699658703071673
neafe34141932dff,0.5395335608646189
neb01d965951fbd8,0.21743458475540386
neb0db803f67424b,0.11177474402730375
neb12f5bb7a7d0aa,0.8512514220705347
neb1320b9960b694,0.37926621160409557
neb160530e84e61e,0.5287258248009101
neb30e485da05ea5,0.9291808873720137
neb378d89456cb06,0.24189419795221842
neb3aa9dc624df46,0.37443117178612056
neb41aae636a3483,0.5166382252559727
neb43a32cd612e95,0.23321956769055746
neb477fa553c6012,0.978811149032992
neb651bc7bcf6296,0.3779863481228669
neb737fd8132a6b9,0.4899032992036405
neb7b5b97a98067d,0.8698805460750854
neb7c86f4ce08763,0.6178896473265074
neb7db72ec2201c1,0.9556313993174061
neb8d9d30e7b8a4e,0.5998293515358362
neb8f95652cf80f5,0.5709613196814562
neb94f7c67c87ac8,0.49829351535836175
neb9f7c2deebd6d7,0.25455062571103526
nebbbd25a5bef572,0.5793515358361775
nebc2669dfa89161,0.4145335608646189
nebc636dc2d18c62,0.7679180887372014
nebd422834a92b1b,0.31868600682593856
nebdb690f15f10fa,0.5814846416382252
nebe552f4305dc96,0.7219852104664392
nebed522c83c6ef0,0.7912400455062572
nec0349cb0acce6b,0.8030432309442548
nec08afbb84cf887,0.49075654152445963
nec0c08e74dbac98,0.6053754266211604
nec1392ddac825ee,0.5029863481228669
nec1745b4cf742ec,0.8178327645051194
nec2a9350c85ce47,0.39775312855517636
nec2e4d5e06cda12,0.40301478953356085
nec340de73208896,0.3937713310580205
nec360a35da0918f,0.22667804323094426
nec45c0a1b9cf2db,0.08006257110352674
nec4bd689ae48518,0.9579067121729238
nec5f7239448d036,0.017918088737201365
nec740ca12bf7ebb,0.30816268486916953
nec93a22b7a317cc,0.9680034129692833
neca7950158f2255,0.8417235494880546
necaaac0d89dd2b8,0.47440273037542663
necb2fdf3bddc704,0.5782138794084186
necc0dce9ff4188e,0.03683162684869169
necc68ba758fc30a,0.006825938566552901
neccf9894fd42162,0.6515927189988624
nece272943870001,0.4082764505119454
necf0fff34bbe190,0.07238339021615472
ned0fd5a1a2d1074,0.08020477815699659
ned25aababf2c0c7,0.573947667804323
ned483e4e0cddab6,0.5637087599544938
ned4bb1b63a1a9cc,0.6663822525597269
ned619db58431fba,0.08148464163822526
ned6e37c106e2ade,0.261518771331058
ned7f927d5fc363b,0.04308873720136519
ned87186d3158541,0.29365756541524457
ned8b1b60bc405f8,0.6275597269624573
ned96bb93da29cfe,0.33887940841865755
ned989580ae309a2,0.8033276450511946
ned9e6f8757ee76a,0.7876848691695109
neda0d5f3a8c88c0,0.22184300341296928
nedac57f70190a0d,0.549061433447099
nedb0dde856c49d9,0.9003128555176336
nedbdabf54f56f49,0.10580204778156997
nedbeb000d9e9683,0.5976962457337884
nedcfb3124fe4a5b,0.3037542662116041
nedd32532f15e8c1,0.27189988623435724
nedef8d3d11c5b7e,0.8947667804323094
nee0d393af6237ba,0.5221843003412969
nee0d4d33e9ceab6,0.9708475540386803
nee12aa7eadb6d95,0.6814562002275313
nee194b6de7c83ae,0.213452787258248
nee2020f22a94c7c,0.9872013651877133
nee20921cf64f71d,0.7178612059158134
nee3d26c47a7fd1a,0.3467007963594994
nee3fe5f5a577d27,0.2935153583617747
nee44e978085146e,0.1476109215017065
nee48906a810bbe1,0.24544937428896474
nee4e1ae00e76b70,0.9908987485779295
nee56b286a401fd6,0.06257110352673492
nee576c4e708f21a,0.8974687144482366
nee615509bdb222d,0.47767349260523323
nee6285067713e55,0.006968145620022753
nee687659c76ac0c,0.39689988623435724
nee6a4b49768990c,0.1460466439135381
nee6c049e3735a81,0.28612059158134245
nee6df9800c7a5f2,0.25014220705346984
nee7a9ac843c0b24,0.5119453924914675
nee854d7dcbba7cd,0.6181740614334471
nee8a42d5d666f6f,0.564419795221843
neea0407e73ee0c7,0.914391353811149
neea42388e0696e6,0.5745164960182025
neec251a5a562132,0.9806598407281001
need32289704b058,0.06513083048919227
neee21f3d439f9b2,0.2387656427758817
neefb06838ab57cb,0.03967576791808874
neefefe2bb0a34d2,0.310580204778157
nef001ab32f96438,0.8354664391353811
nef061f7fd26cfc5,0.03612059158134243
nef0badf7d6b1a45,0.06001137656427759
nef0bb59b1235f5c,0.044226393629124006
nef0fe343c58cf29,0.9263367463026166
nef1c678b17651d2,0.23179749715585893
nef205bd69d8aff8,0.6043799772468714
nef29887072d6828,0.028156996587030716
nef2b095c91003a1,0.7622298065984073
nef383a4641d39a1,0.5082480091012515
nef3dead5837d9c9,0.6815984072810012
nef416310294bc55,0.6446245733788396
nef421841b6f12ff,0.24516496018202502
nef437150d8f2a7d,0.003270762229806598
nef4aa3d2e38ee9b,0.555745164960182
nef51015733fb2a9,0.6242889647326507
nef61afcdbee51c6,0.8101535836177475
nef61f63488db4af,0.3358930602957907
nef69e2fd3053557,0.1585608646188851
nef93042c612a866,0.5335608646188851
nefa74e6efc1d3b2,0.3593572241183163
nefdc149440e2c61,0.4136803185437998
nefe987b262a9315,0.9982935153583617
nf0299ad0fab68f2,0.350967007963595
nf03485c97680465,0.6228668941979523
nf041c1f7ff8da81,0.7734641638225256
nf04efd2a392031a,0.7699089874857793
nf055f71e0bdaf94,0.4707053469852105
nf056091dc257872,0.4267633674630262
nf05a533aa9f97b5,0.27232650739476677
nf06ec2a9bbbfaf9,0.6953924914675768
nf07b98b5e5bb6bb,0.3717292377701934
nf08b9cbe2538681,0.8927758816837316
nf08d28a8cca20fd,0.2339306029579067
nf0910e2df6aa072,0.7312286689419796
nf096e2f23a311a3,0.5049772468714449
nf0a448dbdf60a05,0.8506825938566553
nf0b3acaa35c4391,0.8801194539249146
nf0bf419bfcbb9b8,0.7674914675767918
nf0c08fb9149cc19,0.6697952218430034
nf0cd11ed4fb5c15,0.0015642775881683731
nf0d03ff81e6cf6b,0.5563139931740614
nf0d520d5f36a612,0.22511376564277588
nf0e2e0b11abeffc,0.4678612059158134
nf0e413df24f674e,0.7251137656427759
nf0ebe8ee055012e,0.2407565415244596
nf0fb5d8f836779e,0.4239192263936291
nf10212286295da2,0.0982650739476678
nf103960702d72d1,0.7430318543799772
nf10f7766ad5dde9,0.7022184300341296
nf11021d55459f1e,0.7204209328782708
nf1213bc745a831f,0.6645335608646189
nf1401fd59036643,0.15770762229806598
nf140afb3415df77,0.516353811149033
nf14943ff3a92b1e,0.12983503981797498
nf158e48297e1bd6,0.5617178612059158
nf15a35d302689c4,0.7596700796359499
nf15d1fc2e1a21f1,0.8468430034129693
nf15f2158dd513f8,0.36390784982935154
nf168b2ef4f75d2a,0.023606370875995448
nf17096545cef501,0.4517918088737201
nf17e26288b4a10f,0.7377701934015927
nf17ed7cf188e1e1,0.9050056882821388
nf190a6425a20edb,0.23777019340159272
nf1960ff34d4b1ce,0.3171217292377702
nf19751b698106ec,0.492320819112628
nf19c42746815146,0.16368031854379977
nf19dd16fbd6f4d3,0.7474402730375427
nf1b7a0f66d306e2,0.6323947667804323
nf1d4d461489eca7,0.5834755403868032
nf1d4d80b6ba93f4,0.9746871444823664
nf1f1193c97c10dd,0.04991467576791809
nf1fc791475d2bdb,0.44795221843003413
nf1ffd1f2e6ed60b,0.9364334470989761
nf20447953bddea9,0.8896473265073948
nf22591f08b46b19,0.419226393629124
nf229e917f8a3a8c,0.4296075085324232
nf233175a2a266de,0.6695108077360638
nf23fb73e6e1f519,0.3678896473265074
nf26e7e2fbe6f985,0.839448236632537
nf2833d18c16440a,0.5136518771331058
nf283d1b2a0ffb98,0.2202787258248009
nf288ba040de227d,0.7140216154721274
nf2934963ec56a75,0.15159271899886234
nf29357c35ca3218,0.20492036405005687
nf299805a35747b2,0.8582195676905574
nf2a22864a819f6e,0.8610637087599545
nf2a4318c80e6308,0.7936575654152446
nf2a5a389a7b7bb7,0.14348691695108076
nf2ae4a52f06a9bb,0.9820819112627986
nf2f8f426ec65d55,0.3622013651877133
nf3050a094df7c5c,0.8112912400455062
nf30ff5e5bb84d70,0.676905574516496
nf31cd25f8c713d7,0.5085324232081911
nf325629d657d71d,0.23037542662116042
nf3273b216f688df,0.4108361774744027
nf32ff9b11ece9ee,0.18159840728100113
nf33aa1dd1649afe,0.14263367463026166
nf34637e9dfdea0b,0.9469567690557452
nf34bdd2965809a8,0.9287542662116041
nf362c684728c68f,0.8296359499431172
nf3631785a90b41d,0.5386803185437997
nf36ef29080e8c91,0.9584755403868032
nf37d6d00a14c030,0.4021615472127418
nf37e32c67a4326e,0.8860921501706485
nf3805258f5fcbb0,0.5015642775881684
nf386de0622009b2,0.5891638225255973
nf39dadf779ba750,0.5159271899886234
nf3a05b409aa04fa,0.6331058020477816
nf3bd751caf7918c,0.7170079635949943
nf3cfb404f1b9ad3,0.2753128555176337
nf3d3cb185ba51f4,0.11021046643913539
nf3e0f345ec28ae9,0.621160409556314
nf3f7acb6e522911,0.3111490329920364
nf3fcaba8b3198ab,0.028299203640500568
nf40bc3fbe731bd7,0.43643344709897613
nf410705de37aa03,0.6186006825938567
nf415c0dc0108d35,0.3398748577929465
nf41a1b363c671dd,0.7512798634812287
nf41f804b9976047,0.41794653014789535
nf4268161430da5e,0.5426621160409556
nf42a3d137215a4c,0.7447383390216155
nf42e7762cc6b8ce,0.5418088737201365
nf42ebb8e109be91,0.301905574516496
nf439db56141c160,0.7603811149032992
nf45098a7ab86e80,0.24872013651877134
nf452dfd600b508e,0.4988623435722412
nf45939aa674f606,0.2551194539249147
nf46702ab371011c,0.5844709897610921
nf46de59267fde7a,0.851962457337884
nf47e0f5c01dafed,0.5209044368600683
nf47fe958b3fb1c2,0.42263936291240045
nf483a816c2b2b92,0.6746302616609784
nf49e2b6653c798b,0.15315699658703072
nf49ea1e4b92cf40,0.6734926052332195
nf4bd4b8a8a17fc1,0.8491183162684869
nf4d5c29cf39d2a4,0.8619169510807736
nf4e1f2f8170437e,0.11461888509670079
nf4e5b17dc7e0caf,0.7077645051194539
nf517939048c8a98,0.4079920364050057
nf51ab853d430a62,0.17235494880546076
nf52018cb765e0f8,0.5497724687144482
nf52564340e57691,0.9916097838452788
nf52af927a54e8ce,0.17619453924914677
nf5326d2c491b658,0.6157565415244596
nf5398e467dc4a2e,0.4628839590443686
nf53bdf7058e4ebe,0.48208191126279865
nf53dbfe845f8820,0.5164960182025028
nf54b26423698aa7,0.574089874857793
nf54e3892eb0dea3,0.06370875995449374
nf551a9af15431fd,0.6628270762229806
nf555433b70cd3ff,0.770193401592719
nf55da8210de8a64,0.7349260523321957
nf55debaf7611411,0.7448805460750854
nf55f4723c4c3a86,0.16282707622298065
nf564eef143cd216,0.23890784982935154
nf569afd1b1019df,0.3236632536973834
nf57502f2551bd0c,0.6591296928327645
nf578fcff7cb1c50,0.6085039817974972
nf5906526bb48962,0.9040102389078498
nf5988ebe24749fa,0.5405290102389079
nf5999bded684e16,0.9755403868031854
nf5a4b6699747643,0.5246018202502845
nf5a80eb98c6f044,0.6049488054607508
nf5c08b877cb1da8,0.8044653014789533
nf5c113523f05e39,0.3562286689419795
nf5c80532e24b4c7,0.948947667804323
nf5d33a426423680,0.5248862343572241
nf5d6106be942704,0.5392491467576792
nf5e1ea760106b2e,0.6706484641638225
nf5e55c7330ee84f,0.5093856655290102
nf5e70a0600db965,0.12030716723549488
nf5f223a6a60a03d,0.6941126279863481
nf5f46df269b83ee,0.5315699658703071
nf5f47de9d9e0cfe,0.7151592718998863
nf5f6adbaa52f54f,0.14035836177474403
nf5f977a6b988615,0.048065984072810014
nf605c02f36b1506,0.8448521046643913
nf620178ba9d6ff2,0.5750853242320819
nf63728e3e5153bc,0.8705915813424346
nf642635d13114f8,0.32025028441410697
nf65b2fd4fa51d70,0.435580204778157
nf65dfc2e3b5e4a3,0.4334470989761092
nf65ec3843d054c8,0.5489192263936291
nf6600ed1874f503,0.16055176336746302
nf6662dd6b98d1e3,0.8592150170648464
nf671501402b4966,0.9520762229806599
nf67365396518ab8,0.9055745164960182
nf6742cb35ae8fb8,0.2846985210466439
nf686e4b77934b1f,0.47198521046643915
nf68f0c87fc4bc14,0.15784982935153583
nf69c8d04f912566,0.911547212741752
nf6aafe2bcda68a4,0.06356655290102389
nf6b37cdd58673c9,0.12627986348122866
nf6be187cf64e872,0.32807167235494883
nf6d26428e4d6efb,0.4210750853242321
nf6db47a2e9ad09c,0.1659556313993174
nf6e0481bbf9c0f2,0.8819681456200228
nf6e89efe69da988,0.5556029579067122
nf6f1fb20eba936a,0.7768771331058021
nf6f50a4e7ebb2cd,0.05688282138794084
nf6fac7b160b7666,0.09712741751990898
nf70148b05ea201f,0.8841012514220705
nf71c4663bfeedf2,0.2226962457337884
nf71ce2a95a81765,0.782707622298066
nf7264a33b9357d8,0.9978668941979523
nf726fb592eaf027,0.4833617747440273
nf731caae9774d52,0.6632536973833902
nf73b4e95a15ef13,0.2912400455062571
nf73bf4e78ba4828,0.7851251422070534
nf7451e08d74f43f,0.6958191126279863
nf74b63ce7807633,0.20463594994311718
nf76ede79a603c88,0.7424630261660978
nf77ee92b8228f5b,0.38936291240045506
nf78dee98dd40abe,0.6252844141069397
nf79153a8c167ab1,0.6383674630261661
nf7a7522ba24a17d,0.7916666666666666
nf7a90733ae3e252,0.1998009101251422
nf7ac56350261ba3,0.22226962457337884
nf7acafd2b448156,0.6854379977246872
nf7af5030c267f73,0.540386803185438
nf7afaf44045ae6c,0.7362059158134243
nf7bdeea0e965d72,0.9159556313993175
nf7ca7beb1a25471,0.35821956769055746
nf7d664061fab44d,0.3070250284414107
nf7d951302c10633,0.7610921501706485
nf7ea61fac19f47e,0.75
nf7f9434e413fed6,0.152872582480091
nf7f96cdc4200d01,0.6715017064846417
nf8073a155c04238,0.7821387940841866
nf80d5bf940c9d98,0.34513651877133106
nf80d8401f17b5a4,0.030290102389078498
nf81e668985a3894,0.9244880546075085
nf821c52c801afc0,0.29792377701934014
nf825558b31274a1,0.7578213879408419
nf837c08363e10bf,0.7852673492605233
nf83ee7855aee2b7,0.6460466439135382
nf840f6f1ece751f,0.14633105802047783
nf841683fb6b3389,0.8543799772468714
nf841f8de35ed74d,0.08219567690557451
nf84619783dfdf8e,0.8728668941979523
nf84955cd62ea6b4,0.3427189988623436
nf85c012dd2e585a,0.5127986348122867
nf8717fa7e83ac98,0.40415244596131966
nf883678d97d53fa,0.9021615472127418
nf887a255ba7e3f7,0.42192832764505117
nf88ed7467bd9a89,0.5833333333333334
nf8915b29f522700,0.9465301478953356
nf892136207fc8ab,0.23293515358361774
nf8a1c094bfe1178,0.8333333333333334
nf8a2b9b9dc58981,0.21530147895335608
nf8bafcf7d8127b7,0.06783276450511945
nf8c483095c50742,0.23677474402730375
nf8d0be060b7d87d,0.7084755403868032
nf8d799915a9e595,0.4453924914675768
nf8e4d03b4aac931,0.5813424345847554
nf8ecf5bebe67122,0.5790671217292378
nf8ef3df45854a84,0.9753981797497155
nf8fc98b60d3edff,0.4337315130830489
nf90f70bc30ddcdb,0.25782138794084186
nf9180c6ffb0afd6,0.3649032992036405
nf9243d5de272593,0.5796359499431172
nf9381a7a3dbe3a3,0.16524459613196815
nf94190d5313bf42,0.9072810011376564
nf953d0f6c1a346a,0.0816268486916951
nf95c2042d13e0d2,0.8811149032992036
nf96dbd82018b394,0.029436860068259386
nf973de5ee240f75,0.6015358361774744
nf9744245f4b9ffe,0.2876848691695108
nf97daaa85308351,0.7790102389078498
nf97fb4e3cc50cb4,0.6277019340159272
nf98d17e7cc047d6,0.3801194539249147
nf99bfabc84cd41d,0.060437997724687144
nf9a8c035c6ebac4,0.04436860068259386
nf9ca489f858fcf1,0.13552332195676906
nf9cb46a9f7832c3,0.899032992036405
nf9d103f8cb00cfe,0.8882252559726962
nf9e3cb4304ba6fa,0.28242320819112626
nf9e800a4a5ed46e,0.9325938566552902
nf9f23d70c84f50a,0.209613196814562
nf9f5113cbafcdda,0.870164960182025
nfa0a7d2cb655abb,0.9436860068259386
nfa19e3a5852fff0,0.5071103526734926
nfa1c28280f50e93,0.636518771331058
nfa1ca017c09cee9,0.8390216154721274
nfa2b32729eee6d4,0.34897610921501704
nfa332b6484c9e29,0.34698521046643915
nfa3c6898da672d2,0.5338452787258248
nfa4aaae00401f9c,0.2467292377701934
nfa55c42badf5258,0.04678612059158134
nfa5894ee8e96fc3,0.13594994311717862
nfa5d51f1142f6a1,0.5035551763367463
nfa6590b34358217,0.6934015927189988
nfa6b5e459f5afc1,0.8998862343572241
nfa7c6c110a87ad8,0.47838452787258245
nfa7cf7272f0e2e5,0.030005688282138794
nfa830e19fa47df1,0.7002275312855518
nfa895a788e55f7f,0.6673777019340159
nfa8ff8188793195,0.8465585893060296
nfaa129b5848aa42,0.8656143344709898
nfaa20af67865334,0.8090159271899886
nfaa2ce975d7b305,0.07693401592718999
nfaab79b79cd3345,0.44069965870307165
nfac11fc25ad5170,0.13225255972696245
nfae702ca0dbbb54,0.7205631399317406
nfaf24fd99f6d702,0.852957906712173
nfaf5eb8842907cf,0.31285551763367464
nfaf861b7f8233ad,0.8001990898748578
nfafa7aaf4707105,0.3872298065984073
nfb036c7092e31cd,0.5207622298065984
nfb0554d068a17bd,0.9533560864618885
nfb09c078bd46bc2,0.637514220705347
nfb25b11121caa02,0.11916951080773606
nfb265fb1b9a00fe,0.185580204778157
nfb337cce1caa5de,0.8906427758816837
nfb49737249ad4d8,0.7212741751990899
nfb55f1b4a1fe14a,0.4352957906712173
nfb57f5247246a5e,0.39647326507394764
nfb625855e7a0791,0.8188282138794084
nfb6625285dd9647,0.8297781569965871
nfb6ba105c8228af,0.32949374288964733
nfb6bd545ca3b77b,0.5257394766780432
nfb7f5b68ab1bcf4,0.4974402730375427
nfb82711b6e6283e,0.12514220705346984
nfb8d0a41c1005e0,0.6978100113765643
nfb91f7f1d7bec5c,0.7039249146757679
nfb991e1a14cb50a,0.4620307167235495
nfba438390eca719,0.24160978384527873
nfba704066a3f0b4,0.28313424345847554
nfba7af940adb1b9,0.8710182025028441
nfba85fc5b1d369b,0.1318259385665529
nfbb88ce2c843a21,0.43742889647326505
nfbc6c4a00d747ba,0.13139931740614336
nfbe109d7c22bd33,0.23435722411831628
nfbea4101589f5e1,0.6976678043230944
nfbea740a8613750,0.4047212741751991
nfbea77236f08aea,0.6139078498293515
nfc095c1999f287c,0.09271899886234357
nfc13e0a6c06d9bc,0.7598122866894198
nfc17bf2b5f061c3,0.4771046643913538
nfc2372561a8c5c8,0.5311433447098977
nfc25118bfee75de,0.2295221843003413
nfc2b5e26ee41293,0.42591012514220705
nfc325a2c5ef6064,0.5679749715585893
nfc336bd84112230,0.6739192263936291
nfc375043f407995,0.1989476678043231
nfc434b073083eb8,0.4515073947667804
nfc58cea949970c7,0.9671501706484642
nfc6827abab9e355,0.6264220705346986
nfc737c1b059043c,0.2660693970420933
nfc8e53fa7675165,0.23407281001137656
nfc97bd472d693f6,0.16879977246871444
nfc98a3ab9f12997,0.37130261660978386
nfcb0f17ce561985,0.5561717861205916
nfcb45cc5bb2563e,0.762514220705347
nfcbec3d03d47773,0.3643344709897611
nfcc2ea227418bfa,0.6151877133105802
nfcdd1fd2a1506a8,0.8833902161547212
nfcdf2b07840c3fa,0.39832195676905574
nfd0cac3a1fd8b06,0.9593287827076223
nfd0fec178630bf3,0.5152161547212741
nfd29c3baeea99b3,0.7433162684869169
nfd3ad9bdaa7e439,0.4318828213879408
nfd4a31a42e39da0,0.274032992036405
nfd53d1ec29dd5e7,0.2253981797497156
nfd54e2e1883df73,0.05560295790671217
nfd5a45eb48a0a02,0.037116040955631396
nfd5d93f766128ce,0.9745449374288965
nfd6dbba26ca3633,0.5150739476678043
nfd737dd0a80c664,0.5831911262798635
nfd74641f8077f54,0.9534982935153583
nfd7a11c6fa0f100,0.3616325369738339
nfd7b22803221759,0.5713879408418657
nfd7cf6a9ad4f448,0.2996302616609784
nfd7e63ebd184e4b,0.5526166097838453
nfd8f1ab632a490e,0.6508816837315131
nfd9b0654dbd65cd,0.33361774744027306
nfdabb97c1cd00c4,0.48236632536973834
nfdc96ed6b0a6fba,0.5763651877133106
nfdcb5f75fb2bede,0.9790955631399317
nfdd587c860fdbec,0.19823663253697382
nfdd7037300c6681,0.4751137656427759
nfde5f543b051584,0.9122582480091013
nfdfe6a017d5424b,0.5194823663253697
nfe0dc6981c1712d,0.9537827076222981
nfe2416ea10ec511,0.8444254835039818
nfe2dcb5e3f864da,0.41353811149032993
nfe335c2f89c334f,0.41496018202502843
nfe3df483ad6ddfb,0.5810580204778157
nfe459de79bf7281,0.1383674630261661
nfe6da322cd46803,0.5014220705346986
nfe8f8dc83a6cab9,0.5460750853242321
nfe9d7aa6416b485,0.8284982935153583
nfeb0d0ff45659ca,0.6177474402730375
nfeb8aba6a9d18ee,0.47397610921501704
nfebdb6db2ac6779,0.500995449374289
nfec3ae8d3ae30f7,0.43870875995449377
nfed649c8b6ed435,0.8579351535836177
nfedeed15d816d8e,0.39291808873720135
nfeefc9e67b2903c,0.3051763367463026
nff043c8cdf084df,0.5243174061433447
nff053caff478e11,0.33233788395904434
nff12f0dcbb000c4,0.48819681456200226
nff1638fe2955f8e,0.8257963594994312
nff1d3ef7eb31cd9,0.050483503981797496
nff20daac55e6bdf,0.3785551763367463
nff299f4f24012c4,0.19212172923777018
nff2be6eb88ce5d9,0.9773890784982935
nff3448f38c822d7,0.6241467576791809
nff46f133cc653bc,0.5695392491467577
nff4c1edb4e96736,0.10352673492605233
nff6ad082285f924,0.8755688282138794
nff6f98cd4efcae5,0.20776450511945393
nff7fc77da3c863f,0.45733788395904434
nff806001544eadb,0.5590159271899886
nff837358807440a,0.8410125142207053
nff95b43f9c0e9c3,0.17292377701934017
nffa1485c272c33d,0.9246302616609784
nffa5abfcefa4b09,0.05958475540386803
nffb7fd8fd59d6a3,0.24786689419795221
nffbe1f407bc501c,0.12187144482366326
nffca04df95effb2,0.10850398179749715
nffcbec46bebf71c,0.5967007963594995
nffcc4a4af8c84bb,0.4133959044368601
nffce3df51deddf6,0.4195108077360637
nffe10b9daf1cf57,0.8845278725824801
nffedf608512f865,0.6235779294653014
nffeeba4e260bb3a,0.5503412969283277
nfff65f8605fb2b3,0.966296928327645
nfffbe4ef1b080f3,0.9936006825938567
nfffe3b033a8fdda,0.20150739476678042
